Monitoring Stations,Month,Year,pH (units),Ammonia (mg/L),Nitrate (mg/L),Inorganic Phosphate (mg/L),BOD (mg/l),Dissolved Oxygen (mg/l),Total coliforms (MPN/100ml),Phytoplankton (cells/ml)
Stn. I (Central West Bay),January,2013,-,-,-,-,1,6.8,194,"5,552"
Stn II (East Bay),January,2013,-,-,-,-,1,7.8,320,"17,142"
Stn. IV (Central Bay),January,2013,-,-,-,-,2,7.4,281,"5,222"
Stn V (Northern West Bay),January,2013,-,-,-,-,1,7,219,"4,294"
Stn VIII (South Bay),January,2013,-,-,-,-,1,7.8,208,"20,885"
Stn XV (San Pedro),January,2013,-,-,-,-,1,7.5,926,"5,733"
Stn.XVI (Sta Rosa),January,2013,-,-,-,-,2,7.5,550,"18,190"
Stn XVII (Sanctuary),January,2013,-,-,-,-,2,7.6,149,"16,268"
Stn XVIII (Pagsanjan),January,2013,-,-,-,-,2,8,296,"24,189"
Stn. I (Central West Bay),Febuary,2013,-,-,-,-,2,8,112,"8,422"
Stn II (East Bay),Febuary,2013,-,-,-,-,2,8.4,232,"11,706"
Stn. IV (Central Bay),Febuary,2013,-,-,-,-,2,7.8,181,"2,952"
Stn V (Northern West Bay),Febuary,2013,-,-,-,-,2,7.1,222,"1,429"
Stn VIII (South Bay),Febuary,2013,-,-,-,-,2,8.4,94,"3,086"
Stn XV (San Pedro),Febuary,2013,-,-,-,-,2,7.6,770,"19,181"
Stn.XVI (Sta Rosa),Febuary,2013,-,-,-,-,2,7.8,365,"18,300"
Stn XVII (Sanctuary),Febuary,2013,-,-,-,-,2,8.2,115,"8,114"
Stn XVIII (Pagsanjan),Febuary,2013,-,-,-,-,2,8.8,658,"7,696"
Stn. I (Central West Bay),March,2013,-,-,-,-,1,7.5,147,"20,927"
Stn II (East Bay),March,2013,-,-,-,-,1,7.7,273,"183,033"
Stn. IV (Central Bay),March,2013,-,-,-,-,2,7.6,226,"25,587"
Stn V (Northern West Bay),March,2013,-,-,-,-,1,7.4,220,"21,154"
Stn VIII (South Bay),March,2013,-,-,-,-,1,7.8,140,"42,537"
Stn XV (San Pedro),March,2013,-,-,-,-,1,7.6,845,"9,422"
Stn.XVI (Sta Rosa),March,2013,-,-,-,-,2,7.6,365,"6,128"
Stn XVII (Sanctuary),March,2013,-,-,-,-,2,8.4,131,"10,877"
Stn XVIII (Pagsanjan),March,2013,-,-,-,-,2,7.8,441,"44,960"
Stn. I (Central West Bay),April,2013,-,-,-,-,2,8.1,52,"6,079"
Stn II (East Bay),April,2013,-,-,-,-,2,7.6,31,"27,335"
Stn. IV (Central Bay),April,2013,-,-,-,-,2,8,49,"15,513"
Stn V (Northern West Bay),April,2013,-,-,-,-,2,7,61,"9,997"
Stn VIII (South Bay),April,2013,-,-,-,-,2,7.4,78,"29,964"
Stn XV (San Pedro),April,2013,-,-,-,-,2,7.5,340,"29,826"
Stn.XVI (Sta Rosa),April,2013,-,-,-,-,2,8.2,210,"13,476"
Stn XVII (Sanctuary),April,2013,-,-,-,-,3,8.1,73,"25,259"
Stn XVIII (Pagsanjan),April,2013,-,-,-,-,2,8.9,21,"29,367"
Stn. I (Central West Bay),May,2013,-,-,-,-,2,7.3,46,"63,351"
Stn II (East Bay),May,2013,-,-,-,-,2,8,17,"18,576"
Stn. IV (Central Bay),May,2013,-,-,-,-,4,7.4,35,"89,329"
Stn V (Northern West Bay),May,2013,-,-,-,-,2,7,254,"155,543"
Stn VIII (South Bay),May,2013,-,-,-,-,2,8,225,"17,067"
Stn XV (San Pedro),May,2013,-,-,-,-,3,7.8,150,"13,945"
Stn.XVI (Sta Rosa),May,2013,-,-,-,-,3,7.8,173,"50,398"
Stn XVII (Sanctuary),May,2013,-,-,-,-,3,8.6,42,"62,831"
Stn XVIII (Pagsanjan),May,2013,-,-,-,-,2,8.4,12,"22,718"
Stn. I (Central West Bay),June,2013,-,-,-,-,2,9.6,11,"23,653"
Stn II (East Bay),June,2013,-,-,-,-,2,8.9,16,"15,018"
Stn. IV (Central Bay),June,2013,-,-,-,-,2,11.8,17,"18,846"
Stn V (Northern West Bay),June,2013,-,-,-,-,4,11.1,83,"4,832"
Stn VIII (South Bay),June,2013,-,-,-,-,2,7.8,284,"17,620"
Stn XV (San Pedro),June,2013,-,-,-,-,4,8.8,112,"2,827"
Stn.XVI (Sta Rosa),June,2013,-,-,-,-,3,11,40,"8,327"
Stn XVII (Sanctuary),June,2013,-,-,-,-,1,8.4,46,"62,309"
Stn XVIII (Pagsanjan),June,2013,-,-,-,-,1,8.4,11,"22,266"
Stn. I (Central West Bay),July,2013,-,-,-,-,3,8.4,13,"180,839"
Stn II (East Bay),July,2013,-,-,-,-,2,7.5,33,"24,495"
Stn. IV (Central Bay),July,2013,-,-,-,-,3,7.3,6,"60,814"
Stn V (Northern West Bay),July,2013,-,-,-,-,2,6.2,107,"34,779"
Stn VIII (South Bay),July,2013,-,-,-,-,2,7.6,83,"45,439"
Stn XV (San Pedro),July,2013,-,-,-,-,2,6.2,66,"47,418"
Stn.XVI (Sta Rosa),July,2013,-,-,-,-,2,7.2,29,"42,090"
Stn XVII (Sanctuary),July,2013,-,-,-,-,4,8.6,40,"54,415"
Stn XVIII (Pagsanjan),July,2013,-,-,-,-,3,8.7,32,"33,276"
Stn. I (Central West Bay),August,2013,-,-,-,-,2,7,26,"33,640"
Stn II (East Bay),August,2013,-,-,-,-,1,8,245,"41,147"
Stn. IV (Central Bay),August,2013,-,-,-,-,2,7.2,22,"106,506"
Stn V (Northern West Bay),August,2013,-,-,-,-,5,6.6,74,"10,804"
Stn VIII (South Bay),August,2013,-,-,-,-,3,7.4,83,"68,923"
Stn XV (San Pedro),August,2013,-,-,-,-,3,7.1,46,"16,574"
Stn.XVI (Sta Rosa),August,2013,-,-,-,-,3,7,71,"17,226"
Stn XVII (Sanctuary),August,2013,-,-,-,-,3,7.8,86,"81,699"
Stn XVIII (Pagsanjan),August,2013,-,-,-,-,2,8.8,116,"43,108"
Stn. I (Central West Bay),September,2013,-,-,-,-,2,8,84,"48,273"
Stn II (East Bay),September,2013,-,-,-,-,2,6.2,349,"16,600"
Stn. IV (Central Bay),September,2013,-,-,-,-,1,7.8,49,"105,624"
Stn V (Northern West Bay),September,2013,-,-,-,-,2,5.5,280,"6,635"
Stn VIII (South Bay),September,2013,-,-,-,-,2,7.7,144,"13,570"
Stn XV (San Pedro),September,2013,-,-,-,-,1,6.5,45,"27,126"
Stn.XVI (Sta Rosa),September,2013,-,-,-,-,2,7.6,114,"77,778"
Stn XVII (Sanctuary),September,2013,-,-,-,-,1,9.2,97,"159,694"
Stn XVIII (Pagsanjan),September,2013,-,-,-,-,2,9.6,188,"45,049"
Stn. I (Central West Bay),October,2013,-,-,-,-,2,8.6,186,"37,646"
Stn II (East Bay),October,2013,-,-,-,-,1,8.2,185,"65,763"
Stn. IV (Central Bay),October,2013,-,-,-,-,2,7,268,"17,056"
Stn V (Northern West Bay),October,2013,-,-,-,-,4,6.2,492,"98,174"
Stn VIII (South Bay),October,2013,-,-,-,-,2,9.2,412,"28,053"
Stn XV (San Pedro),October,2013,-,-,-,-,3,8.6,77,"16,557"
Stn.XVI (Sta Rosa),October,2013,-,-,-,-,3,7.5,397,"31,325"
Stn XVII (Sanctuary),October,2013,-,-,-,-,2,8.6,59,"43,209"
Stn XVIII (Pagsanjan),October,2013,-,-,-,-,2,8.8,71,"76,126"
Stn. I (Central West Bay),November,2013,-,-,-,-,3,8,170,"27,324"
Stn II (East Bay),November,2013,-,-,-,-,2,8,126,"34,133"
Stn. IV (Central Bay),November,2013,-,-,-,-,3,7.7,158,"975,862"
Stn V (Northern West Bay),November,2013,-,-,-,-,3,8,259,"10,851"
Stn VIII (South Bay),November,2013,-,-,-,-,2,8,492,"39,168"
Stn XV (San Pedro),November,2013,-,-,-,-,4,7,159,"36,118"
Stn.XVI (Sta Rosa),November,2013,-,-,-,-,2,8,854,"86,204"
Stn XVII (Sanctuary),November,2013,-,-,-,-,2,8,66,"40,082"
Stn XVIII (Pagsanjan),November,2013,-,-,-,-,2,8,83,"46,425"
Stn. I (Central West Bay),December,2013,-,-,-,-,3,7.4,256,"11,880"
Stn II (East Bay),December,2013,-,-,-,-,2,8.8,126,"37,826"
Stn. IV (Central Bay),December,2013,-,-,-,-,3,7,203,"13,893"
Stn V (Northern West Bay),December,2013,-,-,-,-,4,8,294,"6,434"
Stn VIII (South Bay),December,2013,-,-,-,-,2,8.2,926,"64,933"
Stn XV (San Pedro),December,2013,-,-,-,-,4,8,412,"19,389"
Stn.XVI (Sta Rosa),December,2013,-,-,-,-,4,8.5,554,"31,266"
Stn XVII (Sanctuary),December,2013,-,-,-,-,2,7.8,59,"43,853"
Stn XVIII (Pagsanjan),December,2013,-,-,-,-,2,8.2,73,"43,290"
Stn. I (Central West Bay),January,2014,-,-,-,-,2,7.8,222,"8,223"
Stn II (East Bay),January,2014,-,-,-,-,3,7.8,197,"38,128"
Stn. IV (Central Bay),January,2014,-,-,-,-,2,7.3,57,"3,312"
Stn V (Northern West Bay),January,2014,-,-,-,-,2,7.4,168,"21,456"
Stn VIII (South Bay),January,2014,-,-,-,-,2,7.8,488,"27,900"
Stn XV (San Pedro),January,2014,-,-,-,-,3,6.6,314,"16,328"
Stn.XVI (Sta Rosa),January,2014,-,-,-,-,2,7.8,383,"25,975"
Stn XVII (Sanctuary),January,2014,-,-,-,-,2,7.5,39,"24,167"
Stn XVIII (Pagsanjan),January,2014,-,-,-,-,2,7.9,64,"21,932"
Stn. I (Central West Bay),Febuary,2014,-,-,-,-,1,9.7,188,"26,849"
Stn II (East Bay),Febuary,2014,-,-,-,-,3,9.8,246,"31,955"
Stn. IV (Central Bay),Febuary,2014,-,-,-,-,2,8.4,80,"12,544"
Stn V (Northern West Bay),Febuary,2014,-,-,-,-,2,10.1,140,"17,034"
Stn VIII (South Bay),Febuary,2014,-,-,-,-,3,10.3,464,"28,256"
Stn XV (San Pedro),Febuary,2014,-,-,-,-,2,10.7,263,"24,382"
Stn.XVI (Sta Rosa),Febuary,2014,-,-,-,-,3,9.6,108,"56,189"
Stn XVII (Sanctuary),Febuary,2014,-,-,-,-,3,9.6,35,"50,129"
Stn XVIII (Pagsanjan),Febuary,2014,-,-,-,-,2,9.6,33,"15,281"
Stn. I (Central West Bay),March,2014,-,-,-,-,2,7.9,183,"3,016"
Stn II (East Bay),March,2014,-,-,-,-,2,8.9,185,"9,878"
Stn. IV (Central Bay),March,2014,-,-,-,-,2,8.5,82,"5,613"
Stn V (Northern West Bay),March,2014,-,-,-,-,4,8,140,"4,744"
Stn VIII (South Bay),March,2014,-,-,-,-,3,8.5,383,"5,105"
Stn XV (San Pedro),March,2014,-,-,-,-,3,8.7,263,"3,663"
Stn.XVI (Sta Rosa),March,2014,-,-,-,-,2,8.9,246,"4,283"
Stn XVII (Sanctuary),March,2014,-,-,-,-,2,8.4,76,"4,181"
Stn XVIII (Pagsanjan),March,2014,-,-,-,-,2,8.5,35,"22,730"
Stn. I (Central West Bay),April,2014,-,-,-,-,2,7.7,337,"1,895"
Stn II (East Bay),April,2014,-,-,-,-,2,8.5,134,"2,934"
Stn. IV (Central Bay),April,2014,-,-,-,-,2,9.7,101,"2,486"
Stn V (Northern West Bay),April,2014,-,-,-,-,2,8.3,63,"3,464"
Stn VIII (South Bay),April,2014,-,-,-,-,2,8.7,323,"1,912"
Stn XV (San Pedro),April,2014,-,-,-,-,3,8.9,344,"7,029"
Stn.XVI (Sta Rosa),April,2014,-,-,-,-,3,9.1,112,"30,310"
Stn XVII (Sanctuary),April,2014,-,-,-,-,4,9,128,"32,176"
Stn XVIII (Pagsanjan),April,2014,-,-,-,-,2,8,31,"33,590"
Stn. I (Central West Bay),May,2014,-,-,-,-,3,7.6,233,"47,291"
Stn II (East Bay),May,2014,-,-,-,-,2,8.4,58,"1,110"
Stn. IV (Central Bay),May,2014,-,-,-,-,3,7.9,57,"1,850"
Stn V (Northern West Bay),May,2014,-,-,-,-,6,10.1,172,"30,476"
Stn VIII (South Bay),May,2014,-,-,-,-,2,8.5,125,"3,688"
Stn XV (San Pedro),May,2014,-,-,-,-,3,8.8,198,"19,350"
Stn.XVI (Sta Rosa),May,2014,-,-,-,-,3,9.7,84,"29,010"
Stn XVII (Sanctuary),May,2014,-,-,-,-,4,8.8,95,"31,685"
Stn XVIII (Pagsanjan),May,2014,-,-,-,-,2,8.4,24,"20,573"
Stn. I (Central West Bay),June,2014,-,-,-,-,4,9.8,314,"43,093"
Stn II (East Bay),June,2014,-,-,-,-,2,8.4,59,"255,108"
Stn. IV (Central Bay),June,2014,-,-,-,-,3,7.9,64,"21,246"
Stn V (Northern West Bay),June,2014,-,-,-,-,8,12.7,107,"5,636"
Stn VIII (South Bay),June,2014,-,-,-,-,2,8.9,44,"17,281"
Stn XV (San Pedro),June,2014,-,-,-,-,3,8.9,33,"22,298"
Stn.XVI (Sta Rosa),June,2014,-,-,-,-,3,9.3,33,"31,069"
Stn XVII (Sanctuary),June,2014,-,-,-,-,4,8.8,36,"35,525"
Stn XVIII (Pagsanjan),June,2014,-,-,-,-,4,8.1,22,"110,961"
Stn. I (Central West Bay),July,2014,-,-,-,-,-,-,-,"1,146"
Stn II (East Bay),July,2014,-,-,-,-,-,-,-,"61,590"
Stn. IV (Central Bay),July,2014,-,-,-,-,-,-,-,"8,654"
Stn V (Northern West Bay),July,2014,-,-,-,-,-,-,-,"2,594"
Stn VIII (South Bay),July,2014,-,-,-,-,-,-,-,"15,616"
Stn XV (San Pedro),July,2014,-,-,-,-,-,-,-,"3,500"
Stn.XVI (Sta Rosa),July,2014,-,-,-,-,-,-,-,"33,539"
Stn XVII (Sanctuary),July,2014,-,-,-,-,-,-,-,"14,503"
Stn XVIII (Pagsanjan),July,2014,-,-,-,-,-,-,-,"41,814"
Stn. I (Central West Bay),August,2014,-,-,-,-,-,-,-,"2,414"
Stn II (East Bay),August,2014,-,-,-,-,-,-,-,"1,919"
Stn. IV (Central Bay),August,2014,-,-,-,-,-,-,-,"4,335"
Stn V (Northern West Bay),August,2014,-,-,-,-,-,-,-,"3,336"
Stn VIII (South Bay),August,2014,-,-,-,-,-,-,-,"1,673"
Stn XV (San Pedro),August,2014,-,-,-,-,-,-,-,"1,518"
Stn.XVI (Sta Rosa),August,2014,-,-,-,-,-,-,-,"2,319"
Stn XVII (Sanctuary),August,2014,-,-,-,-,-,-,-,"34,114"
Stn XVIII (Pagsanjan),August,2014,-,-,-,-,-,-,-,
Stn. I (Central West Bay),October,2014,8.1,-,-,-,-,10.8,-,"60,151"
Stn II (East Bay),October,2014,7.1,-,-,-,-,5.9,-,"7,217"
Stn. IV (Central Bay),October,2014,7.7,-,-,-,-,8.3,-,"54,045"
Stn V (Northern West Bay),October,2014,7.8,-,-,-,-,9.1,-,"80,025"
Stn VIII (South Bay),October,2014,7.4,-,-,-,-,8,-,"25,134"
Stn XV (San Pedro),October,2014,7.2,-,-,-,-,7.2,-,983
Stn.XVI (Sta Rosa),October,2014,7.7,-,-,-,-,8.1,-,"41,604"
Stn XVII (Sanctuary),October,2014,7.7,-,-,-,-,7.7,-,"24,132"
Stn XVIII (Pagsanjan),October,2014,7.3,-,-,-,-,7.4,-,"12,763"
Stn. I (Central West Bay),November,2014,7.5,-,-,-,-,7.4,-,"44,376"
Stn II (East Bay),November,2014,8.2,-,-,-,-,8.1,-,"14,930"
Stn. IV (Central Bay),November,2014,8.5,-,-,-,-,7.5,-,"65,717"
Stn V (Northern West Bay),November,2014,8.6,-,-,-,-,8.1,-,"1,430"
Stn VIII (South Bay),November,2014,8.3,-,-,-,-,9.5,-,"28,846"
Stn XV (San Pedro),November,2014,7.9,-,-,-,-,7,-,"23,808"
Stn.XVI (Sta Rosa),November,2014,7.9,-,-,-,-,7.6,-,"61,581"
Stn XVII (Sanctuary),November,2014,7.9,-,-,-,-,7.5,-,"55,616"
Stn XVIII (Pagsanjan),November,2014,7.6,-,-,-,-,8.45,-,"3,593"
Stn. I (Central West Bay),December,2014,7.8,-,-,-,-,5.8,-,957
Stn II (East Bay),December,2014,7.7,-,-,-,-,6.4,-,"13,995"
Stn. IV (Central Bay),December,2014,7.6,-,-,-,-,7.6,-,"5,720"
Stn V (Northern West Bay),December,2014,8,-,-,-,-,5.5,-,"2,591"
Stn VIII (South Bay),December,2014,7.6,-,-,-,-,5.4,-,"2,676"
Stn XV (San Pedro),December,2014,7.9,-,-,-,-,6.5,-,700
Stn.XVI (Sta Rosa),December,2014,7.5,-,-,-,-,9.5,-,"40,529"
Stn XVII (Sanctuary),December,2014,8.1,-,-,-,-,5.9,-,"25,076"
Stn XVIII (Pagsanjan),December,2014,7.8,-,-,-,-,7.4,-,"4,794"
Stn. I (Central West Bay),January,2015,8.5,-,-,-,-,8.6,-,"3,766"
Stn II (East Bay),January,2015,8.3,-,-,-,-,7.9,-,"2,246"
Stn. IV (Central Bay),January,2015,8.4,-,-,-,-,8.9,-,"14,941"
Stn V (Northern West Bay),January,2015,8.5,-,-,-,-,8.9,-,"2,706"
Stn VIII (South Bay),January,2015,8.3,-,-,-,-,8,-,"2,806"
Stn XV (San Pedro),January,2015,8.6,-,-,-,-,9.4,-,"1,426"
Stn.XVI (Sta Rosa),January,2015,8.5,-,-,-,-,9.6,-,"41,364"
Stn XVII (Sanctuary),January,2015,8.5,-,-,-,-,8.7,-,"48,252"
Stn XVIII (Pagsanjan),January,2015,8.4,-,-,-,-,8.7,-,"12,106"
Stn. I (Central West Bay),Febuary,2015,8.5,-,-,-,-,8.2,-,"1,423"
Stn II (East Bay),Febuary,2015,8.4,-,-,-,-,8.3,-,"2,629"
Stn. IV (Central Bay),Febuary,2015,8.2,-,-,-,-,8.1,-,726
Stn V (Northern West Bay),Febuary,2015,8.7,-,-,-,-,8.2,-,"1,473"
Stn VIII (South Bay),Febuary,2015,8.3,-,-,-,-,8,-,953
Stn XV (San Pedro),Febuary,2015,8.5,-,-,-,-,8.7,-,"2,643"
Stn.XVI (Sta Rosa),Febuary,2015,8.5,-,-,-,-,8.2,-,"3,608"
Stn XVII (Sanctuary),Febuary,2015,8.4,-,-,-,-,8.6,-,"22,390"
Stn XVIII (Pagsanjan),Febuary,2015,8.4,-,-,-,-,8.6,-,"3,513"
Stn. I (Central West Bay),March,2015,7.9,-,-,-,-,8.5,-,"14,933"
Stn II (East Bay),March,2015,8,-,-,-,-,7.5,-,"5,733"
Stn. IV (Central Bay),March,2015,7.9,-,-,-,-,8.2,-,"36,200"
Stn V (Northern West Bay),March,2015,8,-,-,-,-,7.7,-,"15,320"
Stn VIII (South Bay),March,2015,7.8,-,-,-,-,7.6,-,"5,655"
Stn XV (San Pedro),March,2015,8.2,-,-,-,-,8.5,-,"17,675"
Stn.XVI (Sta Rosa),March,2015,8.2,-,-,-,-,8.7,-,"10,373"
Stn XVII (Sanctuary),March,2015,8.3,-,-,-,-,8.8,-,"21,513"
Stn XVIII (Pagsanjan),March,2015,8.3,-,-,-,-,8.8,,"9,483"
Stn. I (Central West Bay),April,2015,7.7,-,-,-,-,8.1,-,"54,648"
Stn II (East Bay),April,2015,7.8,-,-,-,-,8,-,"4,777"
Stn. IV (Central Bay),April,2015,7.8,-,-,-,-,8.7,-,"15,089"
Stn V (Northern West Bay),April,2015,7.8,-,-,-,-,7.4,-,"62,059"
Stn VIII (South Bay),April,2015,7.9,-,-,-,-,8.1,-,"3,130"
Stn XV (San Pedro),April,2015,8,-,-,-,-,8.2,-,"9,409"
Stn.XVI (Sta Rosa),April,2015,8,-,-,-,-,7.1,-,"28,643"
Stn XVII (Sanctuary),April,2015,8,-,-,-,-,7.8,-,"19,482"
Stn XVIII (Pagsanjan),April,2015,7.9,-,-,-,-,8.4,-,"6,557"
Stn. I (Central West Bay),May,2015,7.4,-,-,-,-,9.3,-,"48,245"
Stn II (East Bay),May,2015,7.6,-,-,-,-,8.8,-,"7,326"
Stn. IV (Central Bay),May,2015,7.9,-,-,-,-,9.2,-,"38,832"
Stn V (Northern West Bay),May,2015,7.9,-,-,-,-,11.5,-,"15,410"
Stn VIII (South Bay),May,2015,8.4,-,-,-,-,9,-,"2,232"
Stn XV (San Pedro),May,2015,7.7,-,-,-,-,9.2,-,"30,068"
Stn.XVI (Sta Rosa),May,2015,7.5,-,-,-,-,7.1,-,"14,424"
Stn XVII (Sanctuary),May,2015,7.8,-,-,-,-,9.5,-,"15,460"
Stn XVIII (Pagsanjan),May,2015,7.8,-,-,-,-,9,-,"4,116"
Stn. I (Central West Bay),June,2015,7.4,-,-,-,-,9.8,-,"13,033"
Stn II (East Bay),June,2015,8.4,-,-,-,-,8.4,-,"10,951"
Stn. IV (Central Bay),June,2015,8.7,-,-,-,-,8.7,-,"54,043"
Stn V (Northern West Bay),June,2015,8.3,-,-,-,-,8.2,-,"21,188"
Stn VIII (South Bay),June,2015,8.1,-,-,-,-,7.9,-,"2,343"
Stn XV (San Pedro),June,2015,8.6,-,-,-,-,8.8,-,"6,309"
Stn.XVI (Sta Rosa),June,2015,7.1,-,-,-,-,8.8,-,"13,287"
Stn XVII (Sanctuary),June,2015,8.4,-,-,-,-,8.9,-,"7,949"
Stn XVIII (Pagsanjan),June,2015,8.7,-,-,-,-,7.9,,"18,592"
Stn. I (Central West Bay),July,2015,8.4,-,-,-,-,7.6,-,349
Stn II (East Bay),July,2015,8.7,-,-,-,-,9.8,-,"21,597"
Stn. IV (Central Bay),July,2015,9.3,-,-,-,-,11.7,-,"18,570"
Stn V (Northern West Bay),July,2015,8.3,-,-,-,-,12.8,-,488
Stn VIII (South Bay),July,2015,8.6,-,-,-,-,11.1,-,"44,271"
Stn XV (San Pedro),July,2015,8.3,-,-,-,-,8.6,-,"7,592"
Stn.XVI (Sta Rosa),July,2015,8.7,-,-,-,-,11,-,"52,163"
Stn XVII (Sanctuary),July,2015,8.5,-,-,-,-,10.2,-,"28,234"
Stn XVIII (Pagsanjan),July,2015,8.6,-,-,-,-,10.6,-,"21,307"
Stn. I (Central West Bay),August,2015,9.3,-,-,-,-,12.2,-,"65,199"
Stn II (East Bay),August,2015,8.3,-,-,-,-,7.2,-,"16,289"
Stn. IV (Central Bay),August,2015,9,-,-,-,-,11.3,-,"36,745"
Stn V (Northern West Bay),August,2015,9.2,-,-,-,-,18.3,-,"96,840"
Stn VIII (South Bay),August,2015,8.5,-,-,-,-,8.3,-,"12,369"
Stn XV (San Pedro),August,2015,8.5,-,-,-,-,11.6,-,"18,283"
Stn.XVI (Sta Rosa),August,2015,8.1,-,-,-,-,9.9,-,"80,398"
Stn XVII (Sanctuary),August,2015,7.8,-,-,-,-,9.7,-,"29,213"
Stn XVIII (Pagsanjan),August,2015,8.3,-,-,-,-,9.1,-,"15,318"
Stn. I (Central West Bay),September,2015,8.5,-,-,-,-,5.8,-,"16,140"
Stn II (East Bay),September,2015,8.7,-,-,-,-,8.6,-,"18,790"
Stn. IV (Central Bay),September,2015,8.4,-,-,-,-,7.1,-,"15,312"
Stn V (Northern West Bay),September,2015,7.8,-,-,-,-,7.3,-,246
Stn VIII (South Bay),September,2015,9.1,-,-,-,-,9,-,"38,292"
Stn XV (San Pedro),September,2015,8.6,-,-,-,-,9.6,-,"4,326"
Stn.XVI (Sta Rosa),September,2015,8.4,-,-,-,-,8,-,"36,690"
Stn XVII (Sanctuary),September,2015,7.8,-,-,-,-,8,-,"16,102"
Stn XVIII (Pagsanjan),September,2015,8.8,-,-,-,-,8.6,-,"20,696"
Stn. I (Central West Bay),October,2015,8.4,-,-,-,2,7.6,-,423
Stn II (East Bay),October,2015,8,-,-,-,2,6.1,-,"4,347"
Stn. IV (Central Bay),October,2015,8.2,-,-,-,2,7.4,-,702
Stn V (Northern West Bay),October,2015,7.6,-,-,-,4,5.3,-,"3,166"
Stn VIII (South Bay),October,2015,8.1,-,-,-,3,7.6,-,"49,189"
Stn XV (San Pedro),October,2015,8,-,-,-,3,7,-,703
Stn.XVI (Sta Rosa),October,2015,8.7,-,-,-,3,8.2,-,"52,647"
Stn XVII (Sanctuary),October,2015,8.2,-,-,-,2,7,-,917
Stn XVIII (Pagsanjan),October,2015,7.9,-,-,-,4,7,-,"2,288"
Stn. I (Central West Bay),November,2015,7.9,-,-,-,2,6.8,-,"2,656"
Stn II (East Bay),November,2015,8,-,-,-,2,7.2,-,"9,752"
Stn. IV (Central Bay),November,2015,7.8,-,-,-,3,6.7,-,"4,134"
Stn V (Northern West Bay),November,2015,7.8,-,-,-,2,6.5,-,"9,309"
Stn VIII (South Bay),November,2015,8.3,-,-,-,2,6.8,-,"12,092"
Stn XV (San Pedro),November,2015,7.8,-,-,-,2,6.5,-,"4,279"
Stn.XVI (Sta Rosa),November,2015,7.8,-,-,-,2,7.2,-,"45,563"
Stn XVII (Sanctuary),November,2015,7.8,-,-,-,2,7.1,-,"67,397"
Stn XVIII (Pagsanjan),November,2015,7.7,-,-,-,1,7.1,-,"11,859"
Stn. I (Central West Bay),December,2015,8.4,-,-,-,2,8.5,-,"5,616"
Stn II (East Bay),December,2015,9.6,-,-,-,3,8.1,-,"9,664"
Stn. IV (Central Bay),December,2015,7.6,-,-,-,4,7.2,-,"3,400"
Stn V (Northern West Bay),December,2015,8.5,-,-,-,3,8.5,-,"1,416"
Stn VIII (South Bay),December,2015,8.6,-,-,-,3,8,-,"4,110"
Stn XV (San Pedro),December,2015,8.5,-,-,-,3,8.3,-,"2,050"
Stn.XVI (Sta Rosa),December,2015,8.2,-,-,-,3,8.6,-,600
Stn XVII (Sanctuary),December,2015,8.4,-,-,-,3,8,-,"21,890"
Stn XVIII (Pagsanjan),December,2015,8.5,-,-,-,3,8,-,"4,108"
Stn. I (Central West Bay),January,2016,7.3,-,-,-,2,7.5,2400,"24,491"
Stn II (East Bay),January,2016,8.2,-,-,-,1,7.2,2400,"5,006"
Stn. IV (Central Bay),January,2016,7.8,-,-,-,2,7.2,1600,"4,702"
Stn V (Northern West Bay),January,2016,8.7,-,-,-,2,9.1,540,"16,989"
Stn VIII (South Bay),January,2016,7.7,-,-,-,1,6.8,2400,817
Stn XV (San Pedro),January,2016,8.3,-,-,-,2,8.7,2400,"5,576"
Stn.XVI (Sta Rosa),January,2016,8.8,-,-,-,2,8.4,2400,"5,620"
Stn XVII (Sanctuary),January,2016,7.9,-,-,-,2,7.7,2400,"67,004"
Stn XVIII (Pagsanjan),January,2016,8,-,-,-,1,7.6,3500,"6,436"
Stn. I (Central West Bay),Febuary,2016,8.4,0.051,0.331,0.057,1,8.9,1138,"3,591"
Stn II (East Bay),Febuary,2016,8,0.057,0.357,0.059,2,7.9,410,"8,755"
Stn. IV (Central Bay),Febuary,2016,7.8,0.036,0.335,0.063,1,7.8,522,"2,649"
Stn V (Northern West Bay),Febuary,2016,8,0.018,0.715,0.135,2,7.5,360,880
Stn VIII (South Bay),Febuary,2016,8,0.006,0.375,0.098,1,7.5,435,893
Stn XV (San Pedro),Febuary,2016,8,0.027,0.538,0.067,1,7.8,820,"3,129"
Stn.XVI (Sta Rosa),Febuary,2016,8.2,0.008,0.285,0.04,2,8.3,639,"3,899"
Stn XVII (Sanctuary),Febuary,2016,8.3,0.014,0.45,0.052,1,8,1486,"2,078"
Stn XVIII (Pagsanjan),Febuary,2016,8.1,0.024,0.283,0.056,2,8.3,401,"8,503"
Stn. I (Central West Bay),March,2016,8,0.045,0.308,0.021,1,7.6,678,"3,997"
Stn II (East Bay),March,2016,8.3,0.264,0.176,0.004,1,8.4,333,"28,614"
Stn. IV (Central Bay),March,2016,8.1,0.019,0.355,0.006,1,8.3,457,"10,680"
Stn V (Northern West Bay),March,2016,8,0.133,0.103,0.037,1,7.6,357,"6,442"
Stn VIII (South Bay),March,2016,7.8,0.22,0.204,0.001,1,8,672,"15,928"
Stn XV (San Pedro),March,2016,8.1,0.169,0.352,0.03,1,7.6,485,"41,716"
Stn.XVI (Sta Rosa),March,2016,8.2,0.027,0.559,0.003,1,8.1,271,"60,389"
Stn XVII (Sanctuary),March,2016,8.1,0.092,0.192,0.016,1,7.9,918,"61,986"
Stn XVIII (Pagsanjan),March,2016,7.8,0.01,0.004,0.007,1,8.5,301,"40,833"
Stn. I (Central West Bay),April,2016,8.7,0.152,0.065,0.125,1,8.6,144,"2,399"
Stn II (East Bay),April,2016,8.5,0.085,0.046,0.071,1,0.3,27,"9,836"
Stn. IV (Central Bay),April,2016,8.7,0.129,0.039,0.104,1,8.6,125,"63,490"
Stn V (Northern West Bay),April,2016,8.9,0.083,0.087,0.102,1,7.5,125,563
Stn VIII (South Bay),April,2016,8.5,0.094,0.081,0.084,1,8.3,428,"102,689"
Stn XV (San Pedro),April,2016,8.3,0.088,0.128,0.103,2,8.6,201,"64,319"
Stn.XVI (Sta Rosa),April,2016,8.3,0.081,0.102,0.087,1,8.1,165,"115,769"
Stn XVII (Sanctuary),April,2016,8.6,0.058,0.088,0.089,1,8.3,294,"42,025"
Stn XVIII (Pagsanjan),April,2016,8.7,0.068,0.096,0.031,1,8.5,110,"21,522"
Stn. I (Central West Bay),May,2016,8.3,0.236,0.001,0.147,1,6.4,144,"11,314"
Stn II (East Bay),May,2016,8.7,0.081,0.009,0.037,3,0.4,45,"5,379"
Stn. IV (Central Bay),May,2016,8.3,0.05,0.002,0.103,1,6.8,117,"28,158"
Stn V (Northern West Bay),May,2016,8.2,0.349,0.059,0.164,2,7.1,102,"115,840"
Stn VIII (South Bay),May,2016,8.3,0.055,0.001,0.077,1,7.9,620,"1,593"
Stn XV (San Pedro),May,2016,8.2,0.074,0.019,0.069,3,6.9,185,"4,578"
Stn.XVI (Sta Rosa),May,2016,8.3,0.054,0.036,0.067,2,7.7,107,"6,203"
Stn XVII (Sanctuary),May,2016,8.1,0.079,0.051,0.066,2,75,86,"2,089"
Stn XVIII (Pagsanjan),May,2016,9.4,0.056,0.004,0.004,4,10,51,"15,744"
Stn. I (Central West Bay),June,2016,9.4,0.063,0.065,0.108,8,14.4,85,"344,356"
Stn II (East Bay),June,2016,9.3,0.092,0.05,0.181,2,0,73,"47,649"
Stn. IV (Central Bay),June,2016,9.6,0.051,0.051,0.149,3,9.5,117,"90,969"
Stn V (Northern West Bay),June,2016,9,0.336,0.069,0.19,3,9.5,363,"11,845"
Stn VIII (South Bay),June,2016,9.4,0.054,0.684,0.095,3,8.9,709,"42,249"
Stn XV (San Pedro),June,2016,8.9,0.067,0.77,0.12,3,76,206,"26,173"
Stn.XVI (Sta Rosa),June,2016,9,0.042,0.165,0.087,2,7.7,83,"43,254"
Stn XVII (Sanctuary),June,2016,9.3,0.047,0.372,0.073,3,8.9,35,"65,904"
Stn XVIII (Pagsanjan),June,2016,9.4,0.031,0.798,0.12,4,9.1,26,"131,827"
Stn. I (Central West Bay),July,2016,8.8,0.025,0.068,0.134,2,7.3,185,"25,413"
Stn II (East Bay),July,2016,9.5,0.015,0.574,0.179,1,9.7,586,"20,652"
Stn. IV (Central Bay),July,2016,9.8,0.034,0.031,0.147,6,15.9,104,"66,686"
Stn V (Northern West Bay),July,2016,8.9,0.067,0.11,0.048,2,6.3,793,"2,026"
Stn VIII (South Bay),July,2016,9,0.031,0.001,0.143,1,8.1,517,"67,576"
Stn XV (San Pedro),July,2016,8.1,0.073,0.001,0.176,2,4,766,"4,287"
Stn.XVI (Sta Rosa),July,2016,8.7,0.039,0.001,0.074,2,7.5,136,"13,943"
Stn XVII (Sanctuary),July,2016,8.8,0.028,0.001,0.134,2,78,41,"42,655"
Stn XVIII (Pagsanjan),July,2016,9.6,0.001,0.038,0.001,3,94,38,"23,355"
Stn. I (Central West Bay),Aug,2016,8.1,0.313,0.0382,0.235,3,5.5,126,"18,920"
Stn II (East Bay),Aug,2016,8.9,0.181,0.271,0.001,2,68,665,"54,790"
Stn. IV (Central Bay),Aug,2016,8.6,0.183,0.142,0.014,2,7.3,121,"95,082"
Stn V (Northern West Bay),Aug,2016,8.5,0.12,0.313,0.306,2,6.6,945,"21,919"
Stn VIII (South Bay),Aug,2016,9.1,0.069,0.028,0.001,2,7.6,586,"25,345"
Stn XV (San Pedro),Aug,2016,8.9,0.07,0.301,0.008,2,65,418,"40,474"
Stn.XVI (Sta Rosa),Aug,2016,8.8,0.033,0.001,0.009,7,74,211,"19,158"
Stn XVII (Sanctuary),Aug,2016,8.9,0.025,0.037,0.005,2,73,40,"12,369"
Stn XVIII (Pagsanjan),Aug,2016,8.9,0.256,0.041,0.001,3,6.7,99,"65,199"
Stn. I (Central West Bay),Sept,2016,7.8,0.076,0.728,0.134,3,7.3,335,467
Stn II (East Bay),Sept,2016,9,0.048,0.022,0.011,2,9,754,"18,458"
Stn. IV (Central Bay),Sept,2016,9.6,0.073,0.058,0.039,3,13.5,49,"38,893"
Stn V (Northern West Bay),Sept,2016,8,0.029,1.084,0.145,2,7.8,305,"1,163"
Stn VIII (South Bay),Sept,2016,9,0.001,0.109,0.045,2,8.8,272,"5,688"
Stn XV (San Pedro),Sept,2016,8.7,0.001,0.069,0.072,3,8.7,418,"4,520"
Stn.XVI (Sta Rosa),Sept,2016,9,0.011,0.037,0.036,4,10.2,211,"26,911"
Stn XVII (Sanctuary),Sept,2016,9.4,0.055,0.028,0.061,3,12.1,82,"68,416"
Stn XVIII (Pagsanjan),Sept,2016,9.4,0.013,0.031,0.007,2,9.4,194,"4,110"
Stn. I (Central West Bay),October,2016,7.9,0.055,0.796,0.185,2,7.3,-,"31,232"
Stn II (East Bay),October,2016,9.2,0.045,0.204,0.214,2,10,-,"21,593"
Stn. IV (Central Bay),October,2016,8.9,0.034,0.027,0.197,2,8.9,-,"4,751"
Stn V (Northern West Bay),October,2016,7.8,0.065,0.048,0.133,1,6.5,-,"4,861"
Stn VIII (South Bay),October,2016,8.7,0.008,0.034,0.062,2,8.6,-,"23,877"
Stn XV (San Pedro),October,2016,7.6,0.02,0.055,0.074,1,5.9,-,"24,983"
Stn.XVI (Sta Rosa),October,2016,7.7,0.203,0.091,0.107,1,8.2,-,"1,085"
Stn XVII (Sanctuary),October,2016,8.8,0.093,0.036,0.071,2,7.6,-,"75,878"
Stn XVIII (Pagsanjan),October,2016,9,0.1,0.314,0.214,1,9.3,-,"17,314"
Stn. I (Central West Bay),November,2016,8,0.065,0.131,0.031,2,7.8,-,"117,594"
Stn II (East Bay),November,2016,-,0.32,0.255,0.051,1,7.2,-,"5,921"
Stn. IV (Central Bay),November,2016,8,0.052,0.04,0.084,1,7.4,-,"83,431"
Stn V (Northern West Bay),November,2016,8.4,0.036,0.039,0.054,1,7.5,-,610
Stn VIII (South Bay),November,2016,8.3,0.032,0.308,0.258,0.5,6.8,-,"436,578"
Stn XV (San Pedro),November,2016,8.2,0.2,0.14,0.268,2,6.8,-,"32,644"
Stn.XVI (Sta Rosa),November,2016,8,0.101,0.127,0.066,2,7.8,-,"207,649"
Stn XVII (Sanctuary),November,2016,8.5,0.045,0.091,0.244,1,7.9,-,"24,353"
Stn XVIII (Pagsanjan),November,2016,8.4,0.049,0.248,0.222,1,6.6,-,"7,752"
Stn. I (Central West Bay),December,2016,7.9,0.077,0.121,0.149,1,6.5,-,"153,731"
Stn II (East Bay),December,2016,7.9,0.024,0.141,0.122,2,8.2,-,"11,879"
Stn. IV (Central Bay),December,2016,9.6,0.04,0.261,0.255,2,7.7,-,"42,253"
Stn V (Northern West Bay),December,2016,8.3,0.034,0.133,0.072,1,6.8,-,"50,101"
Stn VIII (South Bay),December,2016,8,0.013,0.238,0.116,1,9.6,-,"1,692"
Stn XV (San Pedro),December,2016,8.5,0.001,0.268,0.184,3,9.6,-,"61,731"
Stn.XVI (Sta Rosa),December,2016,8.3,0.001,0.086,0.013,1,8.5,-,"186,136"
Stn XVII (Sanctuary),December,2016,8.4,0.003,0.274,0.013,2,7.7,-,"194,129"
Stn XVIII (Pagsanjan),December,2016,8.8,0.001,0.222,0.113,1,7.6,-,"7,510"
Stn. I (Central West Bay),January,2017,8.4,0.001,0.223,0.238,1,7.9,60,"9,813"
Stn II (East Bay),January,2017,8,0.572,1.03,0.343,1,7.7,116,"11,434"
Stn. IV (Central Bay),January,2017,8.7,0.001,0.343,0.197,1,8.1,32,"22,330"
Stn V (Northern West Bay),January,2017,8.1,0.074,2.831,0.372,1,8.5,272,"1,468"
Stn VIII (South Bay),January,2017,8,0.056,0.267,0.243,1,7.6,90,"10,856"
Stn XV (San Pedro),January,2017,8.4,0.001,2.136,0.265,1,8.2,96,"2,870"
Stn.XVI (Sta Rosa),January,2017,8.6,0.001,2.54,0.233,3,9.6,102,"3,326"
Stn XVII (Sanctuary),January,2017,8.7,0.001,0.393,0.066,1,7.7,76,"42,902"
Stn XVIII (Pagsanjan),January,2017,7.8,0.033,0.54,0.16,1,7.7,73,"5,276"
Stn. I (Central West Bay),Febuary,2017,8,1.16,0.405,0.089,1,7.6,163,"1,010"
Stn II (East Bay),Febuary,2017,7.9,0.41,1.03,0.408,2,7.6,110,"2,896"
Stn. IV (Central Bay),Febuary,2017,7.9,0.001,0.014,0.084,2,7.1,63,"2,423"
Stn V (Northern West Bay),Febuary,2017,8.4,0.046,3.012,0.163,0.5,9,214,"1,589"
Stn VIII (South Bay),Febuary,2017,7.8,0.041,0.187,0.143,0.5,7.8,193,"3,027"
Stn XV (San Pedro),Febuary,2017,7.8,0.034,2.14,0.11,2,8.8,80,"36,676"
Stn.XVI (Sta Rosa),Febuary,2017,7.9,0.003,0.005,0.105,1,7.7,90,"16,228"
Stn XVII (Sanctuary),Febuary,2017,8.1,0.001,0.006,0.023,1,7.8,86,"3,549"
Stn XVIII (Pagsanjan),Febuary,2017,7.9,0.25,0.001,0.24,1,7.8,73,"5,289"
Stn. I (Central West Bay),March,2017,7.9,0.009,0.287,0.173,2,8.9,512,"26,791"
Stn II (East Bay),March,2017,8.4,1.03,1.03,0.178,2,9.4,290,"21,964"
Stn. IV (Central Bay),March,2017,8,0.149,0.014,0.008,1,8.4,166,"17,402"
Stn V (Northern West Bay),March,2017,7.9,0.344,3.012,0.096,1,8,214,506
Stn VIII (South Bay),March,2017,8,0.287,0.187,0.086,1,9.1,343,"9,044"
Stn XV (San Pedro),March,2017,8.5,0.203,2.14,0.076,2,8.1,159,"36,036"
Stn.XVI (Sta Rosa),March,2017,8.5,0.21,0.005,0.092,1,8.5,159,"47,305"
Stn XVII (Sanctuary),March,2017,8.3,0.001,0.006,0.023,1,9.4,188,274
Stn XVIII (Pagsanjan),March,2017,8.3,0.033,0.001,0.016,2,9.4,88,"29,172"
Stn. I (Central West Bay),April,2017,7.7,0.011,0.415,0.251,3,7.3,973,"3,106"
Stn II (East Bay),April,2017,8.1,0.038,0.42,0.312,3,6.9,240,"5,819"
Stn. IV (Central Bay),April,2017,7.8,0.004,0.001,0.143,1,8.4,261,"329,473"
Stn V (Northern West Bay),April,2017,7.8,0.048,0.301,0.23,3,8.6,240,"88,325"
Stn VIII (South Bay),April,2017,7.8,0.042,0.134,0.286,3,7.9,552,"29,927"
Stn XV (San Pedro),April,2017,7.9,0.048,0.001,0.118,3,8.2,192,"20,728"
Stn.XVI (Sta Rosa),April,2017,7.9,0.02,0.094,0.144,2,9.6,272,"92,855"
Stn XVII (Sanctuary),April,2017,7.8,0.019,0.001,0.289,3,7.4,128,"27,510"
Stn XVIII (Pagsanjan),April,2017,7.8,0.073,0.001,0.157,2,7.4,161,"24,382"
Stn. I (Central West Bay),May,2017,8,0.143,0.001,0.357,2,8.7,586,"13,930"
Stn II (East Bay),May,2017,6.3,0.2,0.224,0.236,2,8.1,306,"1,359"
Stn. IV (Central Bay),May,2017,8.9,0.04,0.001,0.17,1,8.4,384,"75,663"
Stn V (Northern West Bay),May,2017,8.8,0.044,0.062,0.233,2,7.5,347,"102,077"
Stn VIII (South Bay),May,2017,8,0.041,0.001,0.17,2,8,432,"1,614"
Stn XV (San Pedro),May,2017,8,0.07,0.127,0.121,2,8.8,422,"11,383"
Stn.XVI (Sta Rosa),May,2017,7.9,0.001,0.002,0.066,2,8.4,186,"14,132"
Stn XVII (Sanctuary),May,2017,8.3,0.016,0.016,0.07,2,8.1,196,"2,556"
Stn XVIII (Pagsanjan),May,2017,8.3,0.019,0.042,0.001,2,8.4,426,"7,284"
Stn. I (Central West Bay),June,2017,8.4,0.25,0.001,0.286,4,8.1,296,"35,392"
Stn II (East Bay),June,2017,8,0.024,0.204,0.31,2,7.1,195,"33,403"
Stn. IV (Central Bay),June,2017,8.1,0.007,0.001,0.186,2,8.7,185,"42,630"
Stn V (Northern West Bay),June,2017,7.8,0.032,0.04,0.181,3,8.9,196,"10,344"
Stn VIII (South Bay),June,2017,7.8,0.042,0.004,0.182,2,9.6,290,"19,332"
Stn XV (San Pedro),June,2017,8.2,0.02,0.011,0.068,3,9.2,497,"12,673"
Stn.XVI (Sta Rosa),June,2017,7.8,0.001,0.001,0.096,2,8.5,258,"17,210"
Stn XVII (Sanctuary),June,2017,8,0.016,0.016,0.155,2,8.5,212,"11,751"
Stn XVIII (Pagsanjan),June,2017,8.1,0.016,0.001,0.001,3,8.5,352,"18,938"
Stn. I (Central West Bay),July,2017,8.2,0.058,0.091,0.205,2,8.7,163,"18,021"
Stn II (East Bay),July,2017,7.9,0.07,0.052,0.17,3,6.9,271,"52,753"
Stn. IV (Central Bay),July,2017,8,0.047,0.015,0.213,2,8.9,210,"16,764"
Stn V (Northern West Bay),July,2017,7.7,0.054,0.031,0.37,4,11.6,758,"73,214"
Stn VIII (South Bay),July,2017,8.4,0.051,0.013,0.101,2,9.4,732,"36,690"
Stn XV (San Pedro),July,2017,8.1,0.056,0.04,0.129,4,9.1,482,"20,097"
Stn.XVI (Sta Rosa),July,2017,8.3,0.043,0.005,0.071,3,7.9,211,"14,095"
Stn XVII (Sanctuary),July,2017,8.5,0.012,0.022,0.15,4,9.3,343,"28,221"
Stn XVIII (Pagsanjan),July,2017,8.5,0.059,0.001,0.186,3,7.6,485,"101,575"
Stn. I (Central West Bay),August,2017,8.6,0.099,0.031,0.149,2,8.4,163,"2,884"
Stn II (East Bay),August,2017,8.6,0.089,0.184,0.195,3,8.1,271,"9,404"
Stn. IV (Central Bay),August,2017,8.9,0.07,0.031,0.144,3,7.6,160,"11,075"
Stn V (Northern West Bay),August,2017,9,0.084,0.015,0.279,4,8.3,406,"15,769"
Stn VIII (South Bay),August,2017,8.5,0.054,0.014,0.286,4,9.6,756,"26,068"
Stn XV (San Pedro),August,2017,7.8,0.073,0.021,0.156,5,9.8,354,"3,522"
Stn.XVI (Sta Rosa),August,2017,8.2,0.054,0.013,0.106,2,7.8,196,"1,988"
Stn XVII (Sanctuary),August,2017,8.6,0.012,0.008,0.003,4,8.9,140,"38,204"
Stn XVIII (Pagsanjan),August,2017,8.6,0.024,0.003,0.185,4,8.7,172,"1,664"
Stn. I (Central West Bay),September,2017,8.2,0.09,0.07,0.276,2,7.5,291,"53,924"
Stn II (East Bay),September,2017,8.7,0.02,0.001,0.105,3,9.4,592,"47,093"
Stn. IV (Central Bay),September,2017,8.1,0.031,0.05,0.142,1,8.7,272,"408,535"
Stn V (Northern West Bay),September,2017,8.4,0.016,0.032,0.229,2,9.2,317,"4,906"
Stn VIII (South Bay),September,2017,8.1,0.025,0.031,0.093,3,10.2,245,"31,999"
Stn XV (San Pedro),September,2017,8,0.02,0.04,0.106,7,10.8,267,"430,002"
Stn.XVI (Sta Rosa),September,2017,8.1,0.053,0.03,0.101,2,7.7,230,"380,718"
Stn XVII (Sanctuary),September,2017,8.4,0.016,0.003,0.048,2,9.1,172,"77,709"
Stn XVIII (Pagsanjan),September,2017,8.4,0.023,0.02,0.048,4,9.6,172,"33,349"
Stn. I (Central West Bay),October,2017,8.2,0.051,0.046,0.362,2,6.6,196,"57,616"
Stn II (East Bay),October,2017,8.3,0.035,0.052,0.261,3,6.6,190,"12,769"
Stn. IV (Central Bay),October,2017,8,0.024,0.018,0.196,3,7.1,174,"25,628"
Stn V (Northern West Bay),October,2017,8.7,0.022,0.065,0.371,3,6.5,174,"7,763"
Stn VIII (South Bay),October,2017,8.1,0.036,0.036,0.276,4,7.6,140,"331,017"
Stn XV (San Pedro),October,2017,7.7,0.064,0.101,0.2,3,7.5,264,"17,482"
Stn.XVI (Sta Rosa),October,2017,8.4,0.02,0.007,0.182,2,6.5,240,"14,910"
Stn XVII (Sanctuary),October,2017,8.2,0.03,0.006,0.039,3,7.5,360,"47,712"
Stn XVIII (Pagsanjan),October,2017,8,0.031,0.066,0.036,3,8.5,101,"17,415"
Stn. I (Central West Bay),November,2017,7.8,0.031,0.064,0.263,3,8.6,196,"336,456"
Stn II (East Bay),November,2017,7.9,0.045,0.057,0.263,2,8.5,190,"7,356"
Stn. IV (Central Bay),November,2017,7.7,0.031,0.006,0.196,3,7.6,174,"1,673"
Stn V (Northern West Bay),November,2017,8.6,0.054,0.034,0.332,2,6.8,174,609
Stn VIII (South Bay),November,2017,8.7,0.031,0.042,0.2,2,8.5,140,"5,325"
Stn XV (San Pedro),November,2017,8.1,0.058,0.054,0.165,4,8.3,264,"59,853"
Stn.XVI (Sta Rosa),November,2017,8.1,0.033,0.003,0.182,2,7.3,240,"28,071"
Stn XVII (Sanctuary),November,2017,8.1,0.028,0.02,0.039,1,7.7,360,"1,633"
Stn XVIII (Pagsanjan),November,2017,8.1,0.024,0.005,0.035,2,8.8,101,"15,089"
Stn. I (Central West Bay),December,2017,7.8,0.022,0.046,0.263,2,6.5,196,"33,098"
Stn II (East Bay),December,2017,7.9,0.036,0.035,0.122,2,6.5,190,"14,536"
Stn. IV (Central Bay),December,2017,8,0.036,0.02,0.222,1,7.6,174,487
Stn V (Northern West Bay),December,2017,8,0.022,0.015,0.24,2,6.7,174,"5,090"
Stn VIII (South Bay),December,2017,8.1,0.025,0.042,0.116,2,7.6,140,"5,411"
Stn XV (San Pedro),December,2017,7.8,0.04,0.051,0.143,2,7.5,264,"1,316"
Stn.XVI (Sta Rosa),December,2017,8.4,0.018,0.009,0.185,2,7,240,"8,495"
Stn XVII (Sanctuary),December,2017,8.3,0.022,0.02,0.036,2,7.8,360,"4,608"
Stn XVIII (Pagsanjan),December,2017,8.1,0.018,0.023,0.026,1,7.8,101,"16,756"
Stn. I (Central West Bay),January,2018,7.7,0.221,0.661,0.135,0.5,7.8,8,"2,630"
Stn II (East Bay),January,2018,7.8,0.016,0.493,0.095,0.8,8.3,23,"4,203"
Stn. IV (Central Bay),January,2018,7.9,0.031,0.183,0.235,1,7.8,12,"2,490"
Stn V (Northern West Bay),January,2018,8.1,0.041,0.131,0.287,1.5,7.1,29,"1,841"
Stn VIII (South Bay),January,2018,8.3,0.011,0.097,0.178,1,8.5,36,753
Stn XV (San Pedro),January,2018,8.3,0.018,0.417,0.211,1.1,8.1,14,"1,118"
Stn.XVI (Sta Rosa),January,2018,8.3,0.012,0.376,0.155,1.1,8.2,22,"3,827"
Stn XVII (Sanctuary),January,2018,8.1,0.031,0.423,0.193,0.5,8.4,9,773
Stn XVIII (Pagsanjan),January,2018,8.3,0.022,0.376,0.113,0.5,8.4,9,"2,354"
Stn. I (Central West Bay),Febuary,2018,8.2,0.019,0.466,0.213,1,8.3,5,320
Stn II (East Bay),Febuary,2018,8.4,0.054,0.239,0.178,1,8.4,7,"2,150"
Stn. IV (Central Bay),Febuary,2018,8.3,0.013,0.172,0.178,1,7.7,14,446
Stn V (Northern West Bay),Febuary,2018,8.7,0.043,0.188,0.21,2,7.1,19,336
Stn VIII (South Bay),Febuary,2018,8.7,0.007,0.182,0.202,2,7.8,73,443
Stn XV (San Pedro),Febuary,2018,8.7,0.007,0.242,0.21,2,8.2,14,306
Stn.XVI (Sta Rosa),Febuary,2018,8.7,0.001,0.356,0.178,1.1,8,22,833
Stn XVII (Sanctuary),Febuary,2018,8.1,0.005,0.306,0.173,1.5,8.5,6,328
Stn XVIII (Pagsanjan),Febuary,2018,8.1,0.005,0.356,0.136,1,8.6,6,"6,083"
Stn. I (Central West Bay),March,2018,8.3,0.015,0.268,0.187,1,8.6,5,930
Stn II (East Bay),March,2018,8.5,0.012,0.168,0.185,2,8.6,7,"3,971"
Stn. IV (Central Bay),March,2018,8.2,0.014,0.211,0.175,2,8.1,10,"1,690"
Stn V (Northern West Bay),March,2018,8.8,0.014,0.176,0.215,2,8.7,17,"2,071"
Stn VIII (South Bay),March,2018,8.6,0.008,0.166,0.21,1,8.1,54,"7,899"
Stn XV (San Pedro),March,2018,8.7,0.007,0.138,0.193,2,8.8,7,"1,183"
Stn.XVI (Sta Rosa),March,2018,8.7,0.003,0.133,0.162,1.1,8.1,14,616
Stn XVII (Sanctuary),March,2018,8.2,0.003,0.122,0.164,4,8.6,4,"2,303"
Stn XVIII (Pagsanjan),March,2018,8.2,0.008,0.115,0.135,4,8.5,6,"6,550"
Stn. I (Central West Bay),April,2018,7.9,0.022,0.138,0.145,2,7.8,2.5,"8,767"
Stn II (East Bay),April,2018,8.1,0.008,0.08,0.154,1,7.1,3.5,"2,981"
Stn. IV (Central Bay),April,2018,8.2,0.025,0.05,0.15,2,8.1,5.6,"1,139"
Stn V (Northern West Bay),April,2018,8.1,0.02,0.08,0.186,5,8.4,17.3,"4,639"
Stn VIII (South Bay),April,2018,8.6,0.025,0.05,0.149,0.5,8.3,121.2,"3,592"
Stn XV (San Pedro),April,2018,8.6,0.025,0.05,0.118,2,8.2,4.4,"1,953"
Stn.XVI (Sta Rosa),April,2018,8.3,0.011,0.05,0.113,2,8.2,4.4,"6,881"
Stn XVII (Sanctuary),April,2018,8.3,0.018,0.05,0.113,1,8.3,7.2,"3,766"
Stn XVIII (Pagsanjan),April,2018,8.4,0.018,0.05,0.09,2,8.3,7.2,"7,631"
Stn. I (Central West Bay),May,2018,8.5,0.031,0.05,0.27,2,8.5,2.5,"4,074"
Stn II (East Bay),May,2018,8.1,0.045,0.05,0.144,0.5,7.5,4.2,"5,390"
Stn. IV (Central Bay),May,2018,8.7,0.06,0.05,0.184,4,8,5.6,"31,361"
Stn V (Northern West Bay),May,2018,8.7,0.029,0.05,0.13,4,8.2,7.7,"13,756"
Stn VIII (South Bay),May,2018,8.6,0.025,0.077,0.14,1,8.3,72,"34,177"
Stn XV (San Pedro),May,2018,8.7,0.041,0.05,0.11,2,8.2,5.6,"4,264"
Stn.XVI (Sta Rosa),May,2018,8.1,0.041,0.011,0.125,2,8.3,4.4,"73,017"
Stn XVII (Sanctuary),May,2018,8.9,0.011,0.05,0.115,2,8.2,9.7,"6,817"
Stn XVIII (Pagsanjan),May,2018,9.7,0.024,0.05,0.05,0.5,8.2,9.7,"18,784"
Stn. I (Central West Bay),June,2018,8.6,0.042,0.05,0.27,7,7.8,4.5,"3,292"
Stn II (East Bay),June,2018,8.6,0.036,0.05,0.193,3,,4,"9,768"
Stn. IV (Central Bay),June,2018,8.8,0.05,0.05,0.184,5,,4,"1,815"
Stn V (Northern West Bay),June,2018,8.8,0.028,0.05,0.13,3,,25.8,"52,914"
Stn VIII (South Bay),June,2018,9.7,0.04,0.05,0.14,2,,59.2,"6,363"
Stn XV (San Pedro),June,2018,9.7,0.04,0.05,0.143,3,,5.6,"3,532"
Stn.XVI (Sta Rosa),June,2018,9.1,0.008,0.05,0.096,2,,5.6,"15,137"
Stn XVII (Sanctuary),June,2018,8.9,0.01,0.05,0.063,9,,12.3,"11,650"
Stn XVIII (Pagsanjan),June,2018,9.7,0.01,0.05,0.063,2,,12.3,"25,143"
Stn. I (Central West Bay),July,2018,9.1,0.054,0.05,0.111,2,8.8,7.1,"24,672"
Stn II (East Bay),July,2018,8.1,0.003,0.05,0.087,7,5.8,5.3,"18,490"
Stn. IV (Central Bay),July,2018,9.4,0.028,0.05,0.05,2,8.2,5.6,"31,830"
Stn V (Northern West Bay),July,2018,8.7,0.001,0.1,0.173,4,6.6,19.3,"2,440"
Stn VIII (South Bay),July,2018,8.5,0.001,0.05,0.12,2,8,18.3,"1,110"
Stn XV (San Pedro),July,2018,8.8,0.001,0.161,0.149,2,8.1,5.5,"14,520"
Stn.XVI (Sta Rosa),July,2018,8.5,0.004,0.1,0.129,2,8.1,20.4,"57,635"
Stn XVII (Sanctuary),July,2018,8.1,0.001,0.05,0.093,2,9.5,4.5,"7,546"
Stn XVIII (Pagsanjan),July,2018,9.5,0.018,0.05,0.111,3,9.5,7.1,"15,914"
Stn. I (Central West Bay),August,2018,7.9,0.001,0.55,0.132,2,7,16,"40,838"
Stn II (East Bay),August,2018,8.7,0.039,0.55,0.104,2,10.5,4.2,"52,172"
Stn. IV (Central Bay),August,2018,8.1,0.045,0.05,0.104,4,9.3,4.9,"34,713"
Stn V (Northern West Bay),August,2018,8.7,0.008,0.05,0.1,4,10.5,18.8,"4,656"
Stn VIII (South Bay),August,2018,8.6,0.009,0.434,0.146,2,8.2,81.2,"44,036"
Stn XV (San Pedro),August,2018,8.9,0.008,0.05,0.12,3,8.2,10.2,"52,857"
Stn.XVI (Sta Rosa),August,2018,8.6,0.008,0.05,0.109,2,8.2,8.4,"38,183"
Stn XVII (Sanctuary),August,2018,8.7,0.008,0.05,0.103,3,8.8,5.4,"24,370"
Stn XVIII (Pagsanjan),August,2018,9.2,0.003,0.05,0.047,2,8.8,16,"28,738"
Stn. I (Central West Bay),September,2018,8,0.001,0.05,0.06,7,7,7.1,"412,059"
Stn II (East Bay),September,2018,8.7,0.001,0.057,0.052,3,10.5,4.5,"9,039"
Stn. IV (Central Bay),September,2018,8.7,0.004,0.05,0.137,5,8.5,5.3,"67,993"
Stn V (Northern West Bay),September,2018,8.6,0.001,0.073,0.178,3,8.6,21.5,"30,782"
Stn VIII (South Bay),September,2018,8.5,0.003,0.05,0.078,2,7.8,49.6,"16,776"
Stn XV (San Pedro),September,2018,9,0.001,0.05,0.144,3,8,167,"51,587"
Stn.XV (Sta Rosa),September,2018,8.9,0.002,0.055,0.14,2,8,7.2,"98,309"
Stn XVII (Sanctuary),September,2018,8.7,0.001,0.05,0.112,9,9.1,4.1,943
Stn XVIII (Pagsanjan),September,2018,8.8,0.001,0.05,0.025,2,9.1,7.1,"21,131"
Stn. I (Central West Bay),October,2018,8.7,0.06,0.06,0.107,2,7.1,4.5,"17,427"
Stn II (East Bay),October,2018,8.5,0.021,0.05,0.117,2,7.6,13.9,"63,187"
Stn. IV (Central Bay),October,2018,8.2,0.027,0.06,0.148,2,8.5,21.5,"45,950"
Stn V (Northern West Bay),October,2018,8.7,0.032,0.05,0.107,2,8.4,29.1,"22,313"
Stn VIII (South Bay),October,2018,7.9,0.02,0.05,0.146,2,8.2,21.3,"11,791"
Stn XV (San Pedro),October,2018,8.6,0.016,0.05,0.149,2,8.2,16.7,"10,378"
Stn.XVI (Sta Rosa),October,2018,8.7,0.021,0.06,0.144,2,8.6,4.1,"11,869"
Stn XVII (Sanctuary),October,2018,8.7,0.013,0.06,0.084,2,8.3,3.6,"45,764"
Stn XVIII (Pagsanjan),October,2018,8.6,0.013,0.05,0.084,2,8.3,4.1,"6,569"
Stn. I (Central West Bay),November,2018,8.4,0.033,0.05,0.1,4,6.9,4.5,"3,354"
Stn II (East Bay),November,2018,8.4,0.017,0.06,0.06,2,7.3,2,"40,817"
Stn. IV (Central Bay),November,2018,8.7,0.016,0.06,0.09,2,8.8,18.1,"111,014"
Stn V (Northern West Bay),November,2018,8.7,0.021,0.06,0.1,3,6.8,24.7,"61,823"
Stn VIII (South Bay),November,2018,8.9,0.022,0.06,0.12,3,8.6,4.5,"9,435"
Stn XV (San Pedro),November,2018,7.7,0.016,0.06,0.12,2,7.5,12,"30,012"
Stn.XVI (Sta Rosa),November,2018,8.5,0.021,0.06,0.125,2,8.7,6.2,"27,743"
Stn XVII (Sanctuary),November,2018,8.6,0.013,0.06,0.074,2,7.6,8.3,"23,924"
Stn XVIII (Pagsanjan),November,2018,8.8,0.013,0.05,0.074,2,7.6,6.2,"41,431"
Stn. I (Central West Bay),December,2018,8.6,0.03,0.05,0.096,2,8.1,4.4,"58,151"
Stn II (East Bay),December,2018,8.6,0.017,0.06,0.062,1,8.7,4.2,"8,938"
Stn. IV (Central Bay),December,2018,8.6,0.03,0.05,0.075,1,8.1,20.4,"11,633"
Stn V (Northern West Bay),December,2018,8.6,0.015,0.05,0.091,2,8.7,20.1,"20,528"
Stn VIII (South Bay),December,2018,8.9,0.026,0.05,0.11,2,8.7,10.4,"3,101"
Stn XV (San Pedro),December,2018,8.8,0.021,0.06,0.11,2,7.8,19,"24,624"
Stn.XVI (Sta Rosa),December,2018,8.8,0.021,0.06,0.076,2,8.4,7.9,"73,059"
Stn XVII (Sanctuary),December,2018,8.8,0.013,0.05,0.076,2,8.4,5.8,"12,119"
Stn XVIII (Pagsanjan),December,2018,8.8,0.013,0.05,0.076,2,8.4,7.9,"19,495"
Stn. I (Central West Bay),January,2019,8.3,0.04,,0.11,0.5,8.9,15,"16,674"
Stn II (East Bay),January,2019,7.5,0.06,,0.11,2,7.7,19,"2,737"
Stn. IV (Central Bay),January,2019,7.8,0.08,,0.11,2,7.9,11,"1,824"
Stn V (Northern West Bay),January,2019,8.5,0.04,,0.09,1,9,29,"18,430"
Stn VIII (South Bay),January,2019,7.6,0.06,,0.19,1,7.4,307,"1,887"
Stn XV (San Pedro),January,2019,8.2,0.06,,0.09,1,8.5,20,"8,590"
Stn.XVI (Sta Rosa),January,2019,7.8,0.05,,0.15,0.5,7.6,14,"8,173"
Stn XVII (Sanctuary),January,2019,8.1,0.05,,0.05,2,8.2,22,"6,167"
Stn XVIII (Pagsanjan),January,2019,7.6,0.07,,0.1,1,7.8,25,"3,310"
Stn. I (Central West Bay),Febuary,2019,8.8,0.02,0.05,0.07,3,8,6,"29,659"
Stn II (East Bay),Febuary,2019,8.3,0.03,0.16,0.07,3,7.9,16,"8,747"
Stn. IV (Central Bay),Febuary,2019,8.4,0.02,0.05,0.06,1,7.5,20,"6,983"
Stn V (Northern West Bay),Febuary,2019,8,0.38,0.32,0.12,2,6.6,21,"14,980"
Stn VIII (South Bay),Febuary,2019,8.5,0.02,0.73,0.02,1,8.2,62,"7,730"
Stn XV (San Pedro),Febuary,2019,8.8,0.01,0.05,0.07,2,8.3,24,"48,197"
Stn.XVI (Sta Rosa),Febuary,2019,9,0.01,0.05,0.04,2,8.3,14,"26,502"
Stn XVII (Sanctuary),Febuary,2019,9.2,0.05,0.05,0.04,1,8.3,10,"22,519"
Stn XVIII (Pagsanjan),Febuary,2019,8.2,0.02,0.14,0.05,1,7.9,22,"10,093"
Stn. I (Central West Bay),March,2019,8.2,0.38,0.05,0.08,1,6.9,6,"1,322"
Stn II (East Bay),March,2019,8.2,0.03,0.05,0.05,1,8.1,33,"2,558"
Stn. IV (Central Bay),March,2019,8.3,0.04,0.05,0.06,0.5,8,9,617
Stn V (Northern West Bay),March,2019,8.1,0.14,0.05,0.11,2,7.3,39,"1,385"
Stn VIII (South Bay),March,2019,8.2,0.05,0.05,0.05,2,7.5,19,"1,630"
Stn XV (San Pedro),March,2019,8.6,0.04,0.05,0.05,2,8.7,27,807
Stn.XVI (Sta Rosa),March,2019,8.3,0.04,0.05,0.05,2,7.7,14,"1,573"
Stn XVII (Sanctuary),March,2019,8.9,0.03,0.05,0.07,1,8.9,9,"2,954"
Stn XVIII (Pagsanjan),March,2019,8.6,0.02,0.05,0.02,0.5,8.4,17,"5,224"
Stn. I (Central West Bay),April,2019,8.9,0.086,0.05,0.133,3,7.8,4,"2,458"
Stn II (East Bay),April,2019,8.4,0.018,0.05,0.051,3,7.5,16,23
Stn. IV (Central Bay),April,2019,8.2,0.017,0.05,0.093,2,7.3,7,443
Stn V (Northern West Bay),April,2019,8.4,0.042,0.05,0.124,2,7.3,13,680
Stn VIII (South Bay),April,2019,8.4,0.02,0.05,0.073,2,7.4,7,"1,254"
Stn XV (San Pedro),April,2019,8.9,0.015,0.05,0.093,4,8.2,23,"3,103"
Stn.XVI (Sta Rosa),April,2019,8.5,0.012,0.05,0.067,3,7.6,4,"3,193"
Stn XVII (Sanctuary),April,2019,8.1,0.005,0.05,0.065,0.5,7.3,5,40
Stn XVIII (Pagsanjan),April,2019,8.5,0.014,0.05,0.062,3,7.8,9,"2,094"
Stn. I (Central West Bay),May,2019,9,0.207,0.05,0.134,9,10.1,9,"94,992"
Stn II (East Bay),May,2019,8.7,0.271,0.05,0.108,3,5.9,18,"6,683"
Stn. IV (Central Bay),May,2019,8.4,0.065,0.05,0.109,3,6.6,11,"1,055"
Stn V (Northern West Bay),May,2019,8.7,0.655,0.205,0.288,4,8.8,25,"6,989"
Stn VIII (South Bay),May,2019,8.3,0.117,0.05,0.093,3,6.2,43,"9,829"
Stn XV (San Pedro),May,2019,8.5,0.52,0.05,0.163,4,4.5,70,276
Stn.XVI (Sta Rosa),May,2019,9,0.1,0.05,0.085,2,7.4,8,"8,306"
Stn XVII (Sanctuary),May,2019,8.6,0.079,0.05,0.076,2,6.6,11,"5,116"
Stn XVIII (Pagsanjan),May,2019,9.2,0.094,0.05,0.098,3,7.3,8,"8,472"
Stn. I (Central West Bay),June,2019,9.4,0.112,0.05,0.298,7,10.4,19,"186,554"
Stn II (East Bay),June,2019,9.1,0.073,0.05,0.195,4,7.2,19,"40,761"
Stn. IV (Central Bay),June,2019,9.2,0.044,0.05,0.252,2,10.6,24,"8,456"
Stn V (Northern West Bay),June,2019,9.3,0.049,0.05,0.354,4,7.8,38,"88,910"
Stn VIII (South Bay),June,2019,9.3,0.036,0.05,0.17,4,8.8,71,"33,730"
Stn XV (San Pedro),June,2019,9.4,0.03,0.05,0.189,5,11.3,75,"68,482"
Stn.XVI (Sta Rosa),June,2019,9.4,0.034,0.05,0.143,4,9.8,18,"77,115"
Stn XVII (Sanctuary),June,2019,9.3,0.028,0.05,0.177,4,8.1,18,"30,417"
Stn XVIII (Pagsanjan),June,2019,9.2,0.048,0.05,0.169,5,12.1,18,"56,772"
Stn. I (Central West Bay),July,2019,8.2,0.271,0.072,0.329,3,5.7,19,"14,010"
Stn II (East Bay),July,2019,9.1,0.045,0.033,0.131,4,8.9,19,"43,760"
Stn. IV (Central Bay),July,2019,8.3,0.04,0.034,0.318,2,7.1,24,"9,103"
Stn V (Northern West Bay),July,2019,7.9,1.54,0.254,0.307,9,7.5,81,"52,097"
Stn VIII (South Bay),July,2019,7.1,0.062,0.029,0.178,3,7.2,73,"7,240"
Stn XV (San Pedro),July,2019,8.6,0.057,0.033,0.15,3,7.3,90,"4,626"
Stn.XVI (Sta Rosa),July,2019,8.7,0.06,0.026,0.122,4,8.1,18,"10,875"
Stn XVII (Sanctuary),July,2019,8.9,0.043,0.079,0.209,2,7,18,"10,161"
Stn XVIII (Pagsanjan),July,2019,9.6,0.038,0.067,0.048,5,10.7,19,"11,397"
Stn. I (Central West Bay),August,2019,7.8,0.36,0.223,0.12,4,6.5,75,"3,991"
Stn II (East Bay),August,2019,8.3,0.077,0.05,0.088,6,7.8,54,"9,612"
Stn. IV (Central Bay),August,2019,8.3,0.071,0.05,0.189,4,7.3,24,"6,396"
Stn V (Northern West Bay),August,2019,8.3,0.065,0.05,0.158,3,7.1,149,"3,465"
Stn VIII (South Bay),August,2019,8.6,0.035,0.05,0.117,3,7.4,30,"6,707"
Stn XV (San Pedro),August,2019,8.4,0.062,0.05,0.188,3,6.6,81,"14,830"
Stn.XVI (Sta Rosa),August,2019,8.5,0.053,0.05,0.214,6,7.1,24,"6,376"
Stn XVII (Sanctuary),August,2019,8.5,0.042,0.05,0.123,3,7.7,35,"11,308"
Stn XVIII (Pagsanjan),August,2019,8.1,0.039,0.05,0.027,3,8.1,25,"7,754"
Stn. I (Central West Bay),September,2019,8,0.051,0.618,0.122,6,6.5,75,"5,447"
Stn II (East Bay),September,2019,8.5,0.067,0.1,0.039,2,6.8,73,"2,898"
Stn. IV (Central Bay),September,2019,8.1,0.065,0.342,0.089,1,6.4,32,"1,498"
Stn V (Northern West Bay),September,2019,8.8,0.029,0.05,0.093,3,7.6,187,"6,833"
Stn VIII (South Bay),September,2019,8.7,0.038,0.05,0.078,2,8,30,"20,158"
Stn XV (San Pedro),September,2019,8.4,0.04,0.05,0.087,3,6.5,62,"1,240"
Stn.XVI (Sta Rosa),September,2019,9.1,0.016,0.05,0.075,2,8.4,24,"7,898"
Stn XVII (Sanctuary),September,2019,8.9,0.05,0.05,0.064,2,7.4,35,"2,374"
Stn XVIII (Pagsanjan),September,2019,8.6,0.037,0.05,0.019,3,7.7,25,"1,626"
Stn. I (Central West Bay),October,2019,8.5,0.143,0.05,0.161,3,6.6,102,"2,298"
Stn II (East Bay),October,2019,8.8,0.062,0.05,0.061,2,7.5,96,"2,342"
Stn. IV (Central Bay),October,2019,8.5,0.051,0.423,0.113,2,7.9,32,10
Stn V (Northern West Bay),October,2019,8.7,0.125,0.05,0.126,3,7.6,91,"1,876"
Stn VIII (South Bay),October,2019,8.7,0.023,0.05,0.062,2,7,29,"3,769"
Stn XV (San Pedro),October,2019,8.5,0.087,0.05,0.091,2,6.7,62,243
Stn.XVI (Sta Rosa),October,2019,8.6,0.005,0.05,0.082,2,7.7,33,"4,230"
Stn XVII (Sanctuary),October,2019,9.1,0.005,0.05,0.088,3,7.9,36,"1,260"
Stn XVIII (Pagsanjan),October,2019,8.6,0.005,0.05,0.029,3,7.5,24,333
Stn. I (Central West Bay),November,2019,8.5,0.18,0.05,0.091,3,7.1,32,"8,006"
Stn II (East Bay),November,2019,8.9,0.04,0.05,0.053,3,8.6,32,"3,604"
Stn. IV (Central Bay),November,2019,8.8,0.209,0.05,0.133,5,8.8,23,"3,779"
Stn V (Northern West Bay),November,2019,9.5,0.111,0.05,0.102,7,12.8,30,"12,077"
Stn VIII (South Bay),November,2019,8.7,0.052,0.05,0.095,3,8,18,"23,792"
Stn XV (San Pedro),November,2019,8.2,0.135,0.05,0.094,4,6.6,57,"27,593"
Stn.XVI (Sta Rosa),November,2019,9.2,0.014,0.05,0.069,6,10,25,"23,683"
Stn XVII (Sanctuary),November,2019,8.7,0.027,0.05,0.089,5,8.4,25,"4,387"
Stn XVIII (Pagsanjan),November,2019,8.9,0.029,0.05,0.017,3,9.2,19,"7,819"
Stn. I (Central West Bay),December,2019,7.8,0.012,0.185,0.059,3,6.9,58,"1,029"
Stn II (East Bay),December,2019,7.8,0.021,0.115,0.063,4,6.9,31,"2,311"
Stn. IV (Central Bay),December,2019,8.2,0.038,0.114,0.088,3,6.9,31,143
Stn V (Northern West Bay),December,2019,8,0.01,0.504,0.098,4,7.3,44,813
Stn VIII (South Bay),December,2019,8,0.021,0.151,0.066,3,7.2,33,"3,227"
Stn XV (San Pedro),December,2019,9,0.032,0.17,0.069,2,6.9,120,"2,059"
Stn.XVI (Sta Rosa),December,2019,7.8,0.021,0.178,0.085,3,7.2,41,"2,636"
Stn XVII (Sanctuary),December,2019,8.2,0.012,0.1,0.062,3,7.3,41,"1,950"
Stn XVIII (Pagsanjan),December,2019,7.8,0.1,0.401,0.044,2,7.5,49,"4,987"
Stn. I (Central West Bay),January,2020,8,0.118,0.274,0.038,3,7.1,44,"3,263"
Stn II (East Bay),January,2020,8.2,0.113,0.348,0.062,3,7.6,23,"2,323"
Stn. IV (Central Bay),January,2020,7.9,0.118,0.232,0.067,4,7.5,32,"64,047"
Stn V (Northern West Bay),January,2020,8.2,0.081,0.207,0.067,4,7.5,42,"2,982"
Stn VIII (South Bay),January,2020,8.2,0.058,0.25,0.056,3,7.6,33,"94,422"
Stn XV (San Pedro),January,2020,8.1,0.043,0.385,0.069,3,7.9,100,"36,087"
Stn.XVI (Sta Rosa),January,2020,8.3,0.05,0.276,0.063,4,8.3,47,"8,247"
Stn XVII (Sanctuary),January,2020,8.3,0.095,0.241,0.083,3,7.1,65,"29,073"
Stn XVIII (Pagsanjan),January,2020,7.7,0.04,0.497,0.074,4,7.4,80,"2,010"
Stn. I (Central West Bay),Febuary,2020,8,0.158,0.153,0.087,3,7.3,66,"23,554"
Stn II (East Bay),Febuary,2020,8.2,0.048,0.239,0.061,3,7.7,23,"54,353"
Stn. IV (Central Bay),Febuary,2020,8.2,0.113,0.05,0.071,4,7,32,"49,106"
Stn V (Northern West Bay),Febuary,2020,8.3,0.027,0.418,0.088,5,8.1,44,"20,037"
Stn VIII (South Bay),Febuary,2020,8.2,0.027,0.146,0.057,1,8.3,33,"23,822"
Stn XV (San Pedro),Febuary,2020,8.2,0.028,0.05,0.075,3,7.6,52,"28,802"
Stn.XVI (Sta Rosa),Febuary,2020,8.6,0.03,0.05,0.069,3,8,46,"70,352"
Stn XVII (Sanctuary),Febuary,2020,8.4,0.036,0.05,0.05,1,7.7,50,"63,254"
Stn XVIII (Pagsanjan),Febuary,2020,7.9,0.026,0.434,0.034,3,7.8,77,"2,328"
Stn. I (Central West Bay),March,2020,8.7,0.222,0.05,0.055,3,7.7,36,"38,280"
Stn II (East Bay),March,2020,8.7,0.067,0.05,0.095,2,8.2,31,"26,595"
Stn. IV (Central Bay),March,2020,8.6,0.083,0.05,0.032,3,7.7,25,"4,570"
Stn V (Northern West Bay),March,2020,8.8,0.078,0.05,0.065,2,7.5,19,"41,580"
Stn VIII (South Bay),March,2020,8.7,0.034,0.05,0.032,3,8.2,18,"65,307"
Stn XV (San Pedro),March,2020,8.8,0.04,0.05,0.046,3,8.2,25,"30,762"
Stn.XVI (Sta Rosa),March,2020,8.7,0.055,0.05,0.05,3,8.6,28,"21,436"
Stn XVII (Sanctuary),March,2020,8.8,0.04,0.05,0.024,3,7.8,30,"23,093"
Stn XVIII (Pagsanjan),March,2020,8.6,0.042,0.05,0.017,3,8.2,29,756
Stn. I (Central West Bay),April,2020,,,,,,,,
Stn II (East Bay),April,2020,,,,,,,,
Stn. IV (Central Bay),April,2020,,,,,,,,
Stn V (Northern West Bay),April,2020,,,,,,,,
Stn VIII (South Bay),April,2020,,,,,,,,
Stn XV (San Pedro),April,2020,,,,,,,,
Stn.XVI (Sta Rosa),April,2020,,,,,,,,
Stn XVII (Sanctuary),April,2020,,,,,,,,
Stn XVIII (Pagsanjan),April,2020,,,,,,,,
Stn. I (Central West Bay),May,2020,,,,,,,,
Stn II (East Bay),May,2020,,,,,,,,
Stn. IV (Central Bay),May,2020,,,,,,,,
Stn V (Northern West Bay),May,2020,,,,,,,,
Stn VIII (South Bay),May,2020,,,,,,,,
Stn XV (San Pedro),May,2020,,,,,,,,
Stn.XVI (Sta Rosa),May,2020,,,,,,,,
Stn XVII (Sanctuary),May,2020,,,,,,,,
Stn XVIII (Pagsanjan),May,2020,,,,,,,,
Stn. I (Central West Bay),June,2020,,,,,,,,
Stn II (East Bay),June,2020,,,,,,,,
Stn. IV (Central Bay),June,2020,,,,,,,,
Stn V (Northern West Bay),June,2020,,,,,,,,
Stn VIII (South Bay),June,2020,,,,,,,,
Stn XV (San Pedro),June,2020,,,,,,,,
Stn.XVI (Sta Rosa),June,2020,,,,,,,,
Stn XVII (Sanctuary),June,2020,,,,,,,,
Stn XVIII (Pagsanjan),June,2020,,,,,,,,
Stn. I (Central West Bay),July,2020,,,,,,,,
Stn II (East Bay),July,2020,,,,,,,,
Stn. IV (Central Bay),July,2020,,,,,,,,
Stn V (Northern West Bay),July,2020,,,,,,,,
Stn VIII (South Bay),July,2020,,,,,,,,
Stn XV (San Pedro),July,2020,,,,,,,,
Stn.XVI (Sta Rosa),July,2020,,,,,,,,
Stn XVII (Sanctuary),July,2020,,,,,,,,
Stn XVIII (Pagsanjan),July,2020,,,,,,,,
Stn. I (Central West Bay),August,2020,,,,,,,,
Stn II (East Bay),August,2020,,,,,,,,
Stn. IV (Central Bay),August,2020,,,,,,,,
Stn V (Northern West Bay),August,2020,,,,,,,,
Stn VIII (South Bay),August,2020,,,,,,,,
Stn XV (San Pedro),August,2020,,,,,,,,
Stn.XVI (Sta Rosa),August,2020,,,,,,,,
Stn XVII (Sanctuary),August,2020,,,,,,,,
Stn XVIII (Pagsanjan),August,2020,,,,,,,,
Stn. I (Central West Bay),September,2020,8.8,0.059,0.05,0.061,2,9.3,20,"61,989"
Stn II (East Bay),September,2020,8.7,0.067,0.05,0.04,3,6.8,18,"46,260"
Stn. IV (Central Bay),September,2020,8.3,0.06,0.05,0.074,4,5.6,20,"72,148"
Stn V (Northern West Bay),September,2020,9.1,0.034,0.05,0.039,3,11.8,18,"51,418"
Stn VIII (South Bay),September,2020,8.8,0.014,0.05,0.037,3,9.3,20,"88,372"
Stn XV (San Pedro),September,2020,8.2,0.005,0.05,0.043,3,8.3,130,"13,300"
Stn.XVI (Sta Rosa),September,2020,9,0.005,0.05,0.03,4,8.2,20,"83,982"
Stn XVII (Sanctuary),September,2020,8.8,0.005,0.05,0.035,3,9.9,45,"86,790"
Stn XVIII (Pagsanjan),September,2020,8.2,0.016,0.05,0.018,3,6.9,18,"47,539"
Stn. I (Central West Bay),October,2020,8.8,0.005,0.05,0.065,2,7.3,20,"160,241"
Stn II (East Bay),October,2020,8.5,0.019,0.05,0.049,3,7,20,"60,818"
Stn. IV (Central Bay),October,2020,8.8,0.025,0.781,0.097,2,7.8,45,"101,097"
Stn V (Northern West Bay),October,2020,8.4,0.019,0.05,0.093,3,7.6,20,"49,684"
Stn VIII (South Bay),October,2020,8.7,0.019,0.05,0.044,2,7.3,45,"125,574"
Stn XV (San Pedro),October,2020,8.7,0.027,0.05,0.041,3,7.2,20,"46,759"
Stn.XVI (Sta Rosa),October,2020,8.8,0.011,0.05,0.042,3,7.3,18,"38,080"
Stn XVII (Sanctuary),October,2020,8.3,0.019,0.05,0.068,4,6.8,18,"42,792"
Stn XVIII (Pagsanjan),October,2020,8.2,0.005,0.05,0.04,3,6.8,20,"49,156"
Stn. I (Central West Bay),November,2020,7.9,0.005,,0.029,,6.8,,"30,681"
Stn II (East Bay),November,2020,7.9,0.005,,0.086,,7.2,,"11,446"
Stn. IV (Central Bay),November,2020,8.4,0.005,,0.027,,8.3,,"114,303"
Stn V (Northern West Bay),November,2020,8.4,0.005,,0.044,,7.8,,"64,938"
Stn VIII (South Bay),November,2020,8,0.005,,0.042,,6.5,,"18,217"
Stn XV (San Pedro),November,2020,8,0.016,,0.054,,6.4,,"23,273"
Stn.XVI (Sta Rosa),November,2020,7.9,0.005,,0.047,,7.2,,"15,499"
Stn XVII (Sanctuary),November,2020,8,0.005,,0.043,,6.7,,"16,155"
Stn XVIII (Pagsanjan),November,2020,7.7,0.005,,0.061,,6.7,,"8,816"
Stn. I (Central West Bay),December,2020,8,0.005,,0.066,2,7.1,45,"1,419"
Stn II (East Bay),December,2020,8,0.005,,0.083,2,7.9,30,"14,066"
Stn. IV (Central Bay),December,2020,8.2,0.005,,0.064,2,8.3,45,"7,251"
Stn V (Northern West Bay),December,2020,8.2,0.005,,0.077,1,7.7,219,"3,543"
Stn VIII (South Bay),December,2020,8.5,0.005,,0.029,2,8.7,148,"5,579"
Stn XV (San Pedro),December,2020,8,0.005,,0.048,2,8.9,126,"24,105"
Stn.XVI (Sta Rosa),December,2020,8.1,0.005,,0.081,2,7.3,208,"1,733"
Stn XVII (Sanctuary),December,2020,8.4,0.005,,0.041,2,8.3,28,"16,435"
Stn XVIII (Pagsanjan),December,2020,8.1,0.013,,0.063,2,7.3,51,"10,640"
Stn. I (Central West Bay),January,2021,8.3,0.034,,0.078,2,7.8,30,"6,604"
Stn II (East Bay),January,2021,8.2,0.022,,0.064,0.5,8.6,65,"12,324"
Stn. IV (Central Bay),January,2021,8.2,0.019,,0.078,2,7.5,45,"6,016"
Stn V (Northern West Bay),January,2021,8.1,0.028,,0.113,2,7.4,94,"6,755"
Stn VIII (South Bay),January,2021,8.2,0.023,,0.071,1,8,52,"13,829"
Stn XIII (Taytay),January,2021,7.9,0.028,,0.107,2,6.8,462,"3,454"
Stn XV (San Pedro),January,2021,8.3,0.022,,0.47,3,7.9,64,"5,577"
Stn.XVI (Sta Rosa),January,2021,8.4,0.028,,0.043,3,7.9,36,"5,693"
Stn XVII (Sanctuary),January,2021,8.3,0.023,,0.069,2,7.9,30,"8,654"
Stn XVIII (Pagsanjan),January,2021,8,0.024,,0.061,0.5,8.5,78,"53,914"
Stn XIX (Muntinlupa),January,2021,8.3,0.022,,0.058,2,7.7,9200,"6,696"
Stn XX (GEMS),January,2021,8.1,0.023,,0.072,2,7.4,1100,"1,886"
Stn XXI (Cardona),January,2021,8.2,0.019,,0.078,2,7.6,110,"11,320"
Stn XXII (Jala-jala),January,2021,8.3,0.024,,0.067,2,8.6,18,"10,929"
Stn XXIII (Lumban),January,2021,7.7,0.025,,0.048,3,8.5,45,"34,270"
Stn. I (Central West Bay),Febuary,2021,8.1,0.079,,0.06,2,8.3,26,"28,090"
Stn II (East Bay),Febuary,2021,8,0.043,,0.038,2,8.1,69,"14,490"
Stn. IV (Central Bay),Febuary,2021,7.9,0.035,,0.053,2,8,34,"22,567"
Stn V (Northern West Bay),Febuary,2021,7.7,0.034,,0.094,2,7.2,73,"16,678"
Stn VIII (South Bay),Febuary,2021,8,0.042,,0.044,2,8.4,36,"10,438"
Stn XIII (Taytay),Febuary,2021,7.8,0.033,,0.106,2,7.4,213,"19,813"
Stn XV (San Pedro),Febuary,2021,8.2,0.03,,0.054,2,8.5,44,"28,244"
Stn.XVI (Sta Rosa),Febuary,2021,8.4,0.03,,0.055,2,8.1,39,"6,893"
Stn XVII (Sanctuary),Febuary,2021,8,0.045,,0.054,2,7.7,35,"37,633"
Stn XVIII (Pagsanjan),Febuary,2021,8.2,0.031,,0.057,2,8.4,37,"16,326"
Stn XIX (Muntinlupa),Febuary,2021,7.7,0.036,,0.025,2,7.8,1094,"16,704"
Stn XX (GEMS),Febuary,2021,8.1,0.037,,0.051,2,7.7,293,"36,681"
Stn XXI (Cardona),Febuary,2021,8,0.032,,0.054,2,7.7,120,"39,601"
Stn XXII (Jala-jala),Febuary,2021,8,0.038,,0.039,0.5,8.4,19,"56,397"
Stn XXIII (Lumban),Febuary,2021,7.7,0.05,,0.018,2,8.6,45,"65,777"
Stn. I (Central West Bay),March,2021,8.7,0.059,,0.051,2,8.4,30,"96,652"
Stn II (East Bay),March,2021,8.4,0.038,,0.058,3,8.3,60,"28,386"
Stn. IV (Central Bay),March,2021,8.3,0.005,,0.06,2,7.2,49,"34,372"
Stn V (Northern West Bay),March,2021,8.7,0.005,,0.077,3,7.9,33,"75,117"
Stn VIII (South Bay),March,2021,8.4,0.042,,0.051,2,8.3,18,"79,176"
Stn XIII (Taytay),March,2021,7.3,0.005,,0.096,3,7.6,111,"93,445"
Stn XV (San Pedro),March,2021,8.1,0.005,,0.066,2,8.2,26,"123,426"
Stn.XVI (Sta Rosa),March,2021,8.5,0.014,,0.055,5,9.6,34,"193,389"
Stn XVII (Sanctuary),March,2021,8.4,0.005,,0.044,2,8.1,24,"46,259"
Stn XVIII (Pagsanjan),March,2021,8.6,0.005,,0.01,3,8.2,30,"36,153"
Stn XIX (Muntinlupa),March,2021,8.7,0.044,,0.061,4,8.3,288,"104,275"
Stn XX (GEMS),March,2021,8.3,0.023,,0.054,3,7,481,"80,152"
Stn XXI (Cardona),March,2021,8.9,0.027,,0.061,2,8.5,191,"26,156"
Stn XXII (Jala-jala),March,2021,8.5,0.052,,0.041,3,7.8,19,"19,726"
Stn XXIII (Lumban),March,2021,8.9,0.05,,0.02,4,7.7,64,"38,451"
Stn. I (Central West Bay),April,2021,,,,,,,37,
Stn II (East Bay),April,2021,,,,,,,39,
Stn. IV (Central Bay),April,2021,,,,,,,51,
Stn V (Northern West Bay),April,2021,,,,,,,30,
Stn VIII (South Bay),April,2021,,,,,,,18,
Stn XIII (Taytay),April,2021,,,,,,,28,
Stn XV (San Pedro),April,2021,,,,,,,30,
Stn.XVI (Sta Rosa),April,2021,,,,,,,30,
Stn XVII (Sanctuary),April,2021,,,,,,,28,
Stn XVIII (Pagsanjan),April,2021,,,,,,,19,
Stn XIX (Muntinlupa),April,2021,,,,,,,51,
Stn XX (GEMS),April,2021,,,,,,,318,
Stn XXI (Cardona),April,2021,,,,,,,252,
Stn XXII (Jala-jala),April,2021,,,,,,,20,
Stn XXIII (Lumban),April,2021,,,,,,,76,
Stn. I (Central West Bay),May,2021,8.4,,0.05,0.074,3,7.1,35,"19,910"
Stn II (East Bay),May,2021,8.4,,0.05,0.054,2,7.3,19,"68,660"
Stn. IV (Central Bay),May,2021,8.4,,0.05,0.102,2,7,51,"31,582"
Stn V (Northern West Bay),May,2021,8.4,,0.05,0.081,1,7.2,19,"60,833"
Stn VIII (South Bay),May,2021,8.2,,0.05,0.051,2,7.7,94,"58,713"
Stn XIII (Taytay),May,2021,8.4,,0.05,0.078,2,7.6,19,"81,979"
Stn XV (San Pedro),May,2021,8.5,,0.05,0.058,2,7,28,"98,412"
Stn.XVI (Sta Rosa),May,2021,8.2,,0.05,0.078,2,7.1,118,"129,804"
Stn XVII (Sanctuary),May,2021,8.4,,0.05,0.044,2,7.6,18,"56,676"
Stn XVIII (Pagsanjan),May,2021,8,,0.05,0.021,2,7.8,19,"36,939"
Stn XIX (Muntinlupa),May,2021,8.5,,0.05,0.119,2,7.3,30,"98,592"
Stn XX (GEMS),May,2021,8.3,,0.05,0.042,2,6.8,470,
Stn XXI (Cardona),May,2021,8.5,,0.05,0.068,5,7.7,94,"31,033"
Stn XXII (Jala-jala),May,2021,8.5,,0.05,0.059,3,7.6,19,"46,643"
Stn XXIII (Lumban),May,2021,8.4,,0.05,0.005,3,7.9,51,"43,637"
Stn. I (Central West Bay),June,2021,8.7,,0.05,0.052,3,7.7,106,"20,125"
Stn II (East Bay),June,2021,8.2,,0.05,0.034,4,9.9,40,"576,581"
Stn. IV (Central Bay),June,2021,9,,0.05,0.086,4,10.2,49,"970,217"
Stn V (Northern West Bay),June,2021,9.7,,0.05,0.1,5,11.9,18,"492,902"
Stn VIII (South Bay),June,2021,8.9,,0.05,0.695,1,8.1,94,"1,145,724"
Stn XIII (Taytay),June,2021,9.2,,0.204,0.245,5,14.4,30,"1,001,796"
Stn XV (San Pedro),June,2021,9.1,,0.114,0.073,5,10.3,28,"601,902"
Stn.XVI (Sta Rosa),June,2021,8.9,,0.05,0.095,5,9.6,744,"164,530"
Stn XVII (Sanctuary),June,2021,9,,0.05,0.078,4,8.3,18,"149,820"
Stn XVIII (Pagsanjan),June,2021,8.9,,0.05,0.043,2,7.7,38,"665,662"
Stn XIX (Muntinlupa),June,2021,8.1,,0.131,0.105,1,7.5,28,"403,552"
Stn XX (GEMS),June,2021,8.3,,0.252,0.105,2,6.1,237,"159,929"
Stn XXI (Cardona),June,2021,8.9,,0.148,0.09,2,9.1,18,"539,199"
Stn XXII (Jala-jala),June,2021,8.1,,0.05,0.023,3,7.3,18,"437,761"
Stn XXIII (Lumban),June,2021,8.8,,0.05,0.06,3,8.8,43,"586,080"
Stn. I (Central West Bay),July,2021,8.9,0.11,0.05,0.11,3,8.1,59,"26,788"
Stn II (East Bay),July,2021,8.9,0.047,0.05,0.069,0.5,7.9,50,"53,888"
Stn. IV (Central Bay),July,2021,8.5,0.04,0.124,0.0151,2,7.1,35,"28,231"
Stn V (Northern West Bay),July,2021,9.1,0.064,0.05,0.137,4,8.1,19,"125,205"
Stn VIII (South Bay),July,2021,8.8,0.03,0.05,0.084,2,7.8,54,"111,387"
Stn XIII (Taytay),July,2021,8.8,0.065,0.05,0.189,3,6.8,39,"199,310"
Stn XV (San Pedro),July,2021,9.1,0.05,0.05,0.137,3,7.8,47,"141,935"
Stn.XVI (Sta Rosa),July,2021,8.8,0.05,0.05,0.114,2,7.1,634,"22,696"
Stn XVII (Sanctuary),July,2021,8.9,0.022,0.05,0.102,2,8.5,18,"29,870"
Stn XVIII (Pagsanjan),July,2021,9.6,0.026,0.05,0.075,2,8.1,40,"27,152"
Stn XIX (Muntinlupa),July,2021,9.2,0.047,0.05,0.111,4,9.6,25,"63,761"
Stn XX (GEMS),July,2021,8.4,0.075,0.05,0.083,2,6.3,235,"44,803"
Stn XXI (Cardona),July,2021,7.8,0.041,0.05,0.148,4,7.4,18,"31,122"
Stn XXII (Jala-jala),July,2021,8.8,0.041,0.05,0.108,3,7.8,24,"94,431"
Stn XXIII (Lumban),July,2021,8,0.041,0.284,0.063,5,6.7,85,"3,373"
Stn. I (Central West Bay),August,2021,8.2,0.03,1.13,0.12,3,7,268,"7,795"
Stn II (East Bay),August,2021,8.2,0.03,0.57,0.04,1,7.2,106,"14,159"
Stn. IV (Central Bay),August,2021,8.3,0.03,0.31,0.13,2,7.2,55,"18,030"
Stn V (Northern West Bay),August,2021,8.4,0.03,0.29,0.12,1,7.8,125,"10,056"
Stn VIII (South Bay),August,2021,8.7,0.03,0.05,0.05,0.5,7.4,8,"26,204"
Stn XIII (Taytay),August,2021,8.7,0.02,0.29,0.11,1,7.8,194,"14,158"
Stn XV (San Pedro),August,2021,8.7,0.03,0.17,0.09,1,7.9,167,"15,550"
Stn.XVI (Sta Rosa),August,2021,8.3,0.12,0.32,0.15,3,7.2,1006,"17,845"
Stn XVII (Sanctuary),August,2021,,,,,,,18,
Stn XVIII (Pagsanjan),August,2021,7.4,0.03,0.24,0.04,2,8,122,"11,687"
Stn XIX (Muntinlupa),August,2021,8.7,0.02,0.16,0.09,1,8,108,"11,852"
Stn XX (GEMS),August,2021,8,0.05,0.76,0.13,2,5.6,474,"9,430"
Stn XXI (Cardona),August,2021,8.4,0.02,0.27,0.07,5,7.4,24,"12,952"
Stn XXII (Jala-jala),August,2021,8.9,0.03,0.07,0.05,0.5,8.2,47,"26,350"
Stn XXIII (Lumban),August,2021,8.1,0.03,0.21,0.03,4,7.2,247,"31,093"
Stn. I (Central West Bay),September,2021,9.2,0.07,0.3,0.03,,6.8,85,"27,896"
Stn II (East Bay),September,2021,8.8,0.07,0.45,0.06,,7.6,62,"7,727"
Stn. IV (Central Bay),September,2021,9.1,0.03,0.31,0.09,,7.9,30,"550,846"
Stn V (Northern West Bay),September,2021,9,0.02,0.21,0.12,,9.3,287,"952,237"
Stn VIII (South Bay),September,2021,8.9,0.03,0.27,0.08,,8,14,"487,383"
Stn XIII (Taytay),September,2021,9.4,0.03,0.17,0.18,,6.9,194,"126,893"
Stn XV (San Pedro),September,2021,8.3,0.11,0.31,0.15,,5.4,123,"390,309"
Stn.XVI (Sta Rosa),September,2021,9,0.04,0.24,0.1,,6.9,1217,"418,899"
Stn XVII (Sanctuary),September,2021,9.6,0.07,0.13,0.1,,9.1,18,"702,659"
Stn XVIII (Pagsanjan),September,2021,9.2,0.07,0.14,0.01,,7.9,96,"31,971"
Stn XIX (Muntinlupa),September,2021,9.1,0.04,0.05,0.16,,6,108,"127,031"
Stn XX (GEMS),September,2021,9.2,0.02,0.05,0.13,,5.4,293,"40,955"
Stn XXI (Cardona),September,2021,9.2,0.03,0.05,0.1,,8.5,57,"131,451"
Stn XXII (Jala-jala),September,2021,9.6,0.03,0.13,0.08,,9.6,91,"460,306"
Stn XXIII (Lumban),September,2021,9.2,0.03,0.05,0.01,,7.8,504,"29,406"
Stn. I (Central West Bay),October,2021,8.1,0.35,0.05,0.17,3,7.4,85,"28,648"
Stn II (East Bay),October,2021,7.7,0.05,0.05,0.08,3,7.8,114,"8,950"
Stn. IV (Central Bay),October,2021,7.8,0.01,0.05,0.14,4,7.3,31,"31,565"
Stn V (Northern West Bay),October,2021,8.3,0.02,0.05,0.17,2,7.6,432,"11,733"
Stn VIII (South Bay),October,2021,7.7,0.01,0.05,0.1,2,7.6,14,"6,136"
Stn XIII (Taytay),October,2021,8.3,0.01,0.14,0.2,4,7.4,241,"42,371"
Stn XV (San Pedro),October,2021,7.6,0.02,0.14,0.14,4,6.4,123,"25,103"
Stn.XVI (Sta Rosa),October,2021,7.6,0.05,0.05,0.13,2,6.9,1458,"8,624"
Stn XVII (Sanctuary),October,2021,8,0.04,0.05,0.12,3,7.7,19,"9,740"
Stn XVIII (Pagsanjan),October,2021,7.7,0.02,0.05,0.02,2,7,115,"26,310"
Stn XIX (Muntinlupa),October,2021,8.2,0.04,0.05,0.17,3,6.5,307,"29,496"
Stn XX (GEMS),October,2021,7.9,0.02,0.005,0.16,3,6,726,"9,412"
Stn XXI (Cardona),October,2021,7.7,0.04,0.05,0.17,2,6.9,134,"7,327"
Stn XXII (Jala-jala),October,2021,7.9,0.02,0.05,0.13,3,7.1,177,"3,609"
Stn XXIII (Lumban),October,2021,7.3,0.02,0.05,0.04,3,7.6,1107,"6,537"
Stn. I (Central West Bay),November,2021,8.1,0.07,0.05,0.18,1,6.8,46,"14,504"
Stn II (East Bay),November,2021,7.9,0.4,0.1,0.13,2,7.7,54,"35,141"
Stn. IV (Central Bay),November,2021,7.9,0.005,0.18,0.18,2,7.2,20,"10,811"
Stn V (Northern West Bay),November,2021,8.2,0.005,0.05,0.16,3,6.9,67,"112,052"
Stn VIII (South Bay),November,2021,8.1,0.005,0.05,0.15,2,7.5,41,"9,796"
Stn XIII (Taytay),November,2021,8.5,0.005,0.05,0.18,5,7.2,47,"145,074"
Stn XV (San Pedro),November,2021,8.3,0.005,0.05,0.16,4,7.3,36,"93,278"
Stn.XVI (Sta Rosa),November,2021,8.2,0.005,0.18,0.17,3,7.3,442,"41,040"
Stn XVII (Sanctuary),November,2021,8,0.005,0.27,0.18,2,7.2,19,"6,215"
Stn XVIII (Pagsanjan),November,2021,8,0.005,0.05,0.08,3,7.7,62,"55,505"
Stn XIX (Muntinlupa),November,2021,8.3,0.005,0.05,0.2,5,7.2,55,"421,301"
Stn XX (GEMS),November,2021,8,0.005,0.05,0.18,3,6.5,392,"27,709"
Stn XXI (Cardona),November,2021,8.1,0.005,0.13,0.19,2,7.3,98,"12,566"
Stn XXII (Jala-jala),November,2021,8.1,0.06,0.15,0.17,2,7.4,95,"11,443"
Stn XXIII (Lumban),November,2021,7.5,0.005,0.12,0.06,2,7.3,636,"11,630"
Stn. I (Central West Bay),December,2021,8.3,0.209,0.38,0.22,3,7.4,46,"9,471"
Stn II (East Bay),December,2021,8.4,0.059,0.25,0.15,2,7.5,56,"3,235"
Stn. IV (Central Bay),December,2021,8.2,0.01,0.38,0.18,3,7.4,19,"6,487"
Stn V (Northern West Bay),December,2021,8.1,0.039,0.66,0.24,2,7,30,"3,863"
Stn VIII (South Bay),December,2021,8.3,0.011,0.305,0.18,2,7.9,24,"9,764"
Stn XIII (Taytay),December,2021,8.1,0.005,0.62,0.25,2,7.2,54,"5,830"
Stn XV (San Pedro),December,2021,8.2,0.005,0.21,0.18,1,7.5,36,"3,475"
Stn.XVI (Sta Rosa),December,2021,8.2,0.015,0.29,0.22,4,7.6,107,"2,896"
Stn XVII (Sanctuary),December,2021,8.1,0.012,0.34,0.19,2,7.3,20,"7,304"
Stn XVIII (Pagsanjan),December,2021,8.2,0.01,0.13,0.12,2,7.7,112,"13,147"
Stn XIX (Muntinlupa),December,2021,8.1,0.005,0.24,0.19,2,7.2,55,"5,932"
Stn XX (GEMS),December,2021,8.1,0.005,0.26,0.19,3,7.1,633,"4,719"
Stn XXI (Cardona),December,2021,8.2,0.011,0.28,0.2,2,7.5,42,"2,625"
Stn XXII (Jala-jala),December,2021,8.3,0.017,0.23,0.17,2,7.8,51,"5,116"
Stn XXIII (Lumban),December,2021,8,0.033,0.05,0.06,3,8.1,294,"5,663"
Stn. I (Central West Bay),January,2022,,,,,,,,
Stn II (East Bay),January,2022,,,,,,,,
Stn. IV (Central Bay),January,2022,,,,,,,,
Stn V (Northern West Bay),January,2022,,,,,,,,
Stn VIII (South Bay),January,2022,,,,,,,,
Stn XIII (Taytay),January,2022,,,,,,,,
Stn XV (San Pedro),January,2022,,,,,,,,
Stn.XVI (Sta Rosa),January,2022,,,,,,,,
Stn XVII (Sanctuary),January,2022,,,,,,,,
Stn XVIII (Pagsanjan),January,2022,,,,,,,,
Stn XIX (Muntinlupa),January,2022,,,,,,,,
Stn XX (GEMS),January,2022,,,,,,,,
Stn XXI (Cardona),January,2022,,,,,,,,
Stn XXII (Jala-jala),January,2022,,,,,,,,
Stn XXIII (Lumban),January,2022,,,,,,,,
Stn. I (Central West Bay),Febuary,2022,8.3,0.546,0.631,0.209,1,7.5,19,"472,033"
Stn II (East Bay),Febuary,2022,8.4,0.168,0.394,0.241,2,7.5,51,"307,879"
Stn. IV (Central Bay),Febuary,2022,8.2,0.265,0.527,0.21,2,7.4,18,"405,663"
Stn V (Northern West Bay),Febuary,2022,8.5,0.289,0.351,0.173,2,8,19,"446,145"
Stn VIII (South Bay),Febuary,2022,8.4,0.211,0.431,0.069,2,7.7,19,"393,600"
Stn XIII (Taytay),Febuary,2022,8.6,0.225,0.351,0.14,3,7.4,37,"845,748"
Stn XV (San Pedro),Febuary,2022,8.3,0.207,0.44,0.1,2,7.6,19,"422,556"
Stn.XVI (Sta Rosa),Febuary,2022,8.3,0.199,0.636,0.14,3,7.8,19,"589,913"
Stn XVII (Sanctuary),Febuary,2022,8.3,0.196,0.48,0.17,2,7.6,20,"425,200"
Stn XVIII (Pagsanjan),Febuary,2022,8.2,0.168,0.379,0.1,3,7.4,68,"586,410"
Stn XIX (Muntinlupa),Febuary,2022,8.1,0.171,0.512,0.16,2,7.5,19,"582,482"
Stn XX (GEMS),Febuary,2022,8.1,0.117,0.517,0.16,2,7.2,330,"515,641"
Stn XXI (Cardona),Febuary,2022,8.2,0.206,0.661,0.13,1,7.6,18,"309,276"
Stn XXII (Jala-jala),Febuary,2022,8.2,0.192,0.341,0.13,1,7.6,19,"367,977"
Stn XXIII (Lumban),Febuary,2022,8.1,0.209,0.005,0.05,3,7.8,39,"987,855"
Stn. I (Central West Bay),March,2022,7.9,0.07,0.02,0.14,3,6.8,35,"6,304"
Stn II (East Bay),March,2022,8.2,0.02,0.03,0.1,3,7.6,76,"6,482"
Stn. IV (Central Bay),March,2022,8,0.04,0.01,0.14,2,7,28,"8,220"
Stn V (Northern West Bay),March,2022,8.3,0.02,0.005,0.17,3,7.6,18,"32,976"
Stn VIII (South Bay),March,2022,8.2,0.01,0.005,0.1,2,7.6,18,"14,008"
Stn XIII (Taytay),March,2022,8.2,0.02,0.02,0.16,4,8.9,43,"202,722"
Stn XV (San Pedro),March,2022,8,0.005,0.005,0.16,3,7.2,30,"27,939"
Stn.XVI (Sta Rosa),March,2022,8.1,0.01,0.005,0.13,3,7.3,18,"55,260"
Stn XVII (Sanctuary),March,2022,8.2,0.23,0.005,0.13,2,7.3,19,"1,088"
Stn XVIII (Pagsanjan),March,2022,8.1,0.005,0.005,0.05,2,7.6,19,"26,123"
Stn XIX (Muntinlupa),March,2022,8.1,0.01,0.12,0.2,3,7.5,20,"35,462"
Stn XX (GEMS),March,2022,7.9,0.04,0.005,0.14,2,6.6,320,"2,067"
Stn XXI (Cardona),March,2022,7,0.01,0.005,0.14,2,7.2,28,"4,247"
Stn XXII (Jala-jala),March,2022,6.8,0.005,0.005,0.1,2,7.7,19,"16,662"
Stn XXIII (Lumban),March,2022,7.5,0.06,0.15,0.05,3,7.3,39,"1,107"
Stn. I (Central West Bay),April,2022,8.2,0.03,0.02,0.18,3,7.3,28,"12,276"
Stn II (East Bay),April,2022,8.1,0.02,0.04,0.11,3,7.8,47,"6,292"
Stn. IV (Central Bay),April,2022,8.3,0.02,0.05,0.15,2,7.3,24,"15,256"
Stn V (Northern West Bay),April,2022,8.7,0.01,0.04,0.21,5,8.1,24,"58,276"
Stn VIII (South Bay),April,2022,8.1,0.03,0.01,0.14,3,7.7,18,"15,787"
Stn XIII (Taytay),April,2022,8.7,0.01,0.05,0.22,4,8.1,33,"81,454"
Stn XV (San Pedro),April,2022,8.3,0.01,0.02,0.14,2,7.4,26,"7,841"
Stn.XVI (Sta Rosa),April,2022,8.3,0.01,0.01,0.12,2,7.6,18,"16,325"
Stn XVII (Sanctuary),April,2022,8.4,0.01,0.02,0.15,2,7.2,19,"30,265"
Stn XVIII (Pagsanjan),April,2022,8.2,0.01,0.01,0.09,3,8.1,19,"18,259"
Stn XIX (Muntinlupa),April,2022,8.4,0.01,0.01,0.2,3,7,25,"147,757"
Stn XX (GEMS),April,2022,8.2,0.01,0.07,0.14,3,7,168,"6,866"
Stn XXI (Cardona),April,2022,8.5,0.01,0.01,0.18,2,7.2,24,"10,902"
Stn XXII (Jala-jala),April,2022,8.3,0.01,0.01,0.13,3,7.2,19,"12,258"
Stn XXIII (Lumban),April,2022,7.8,0.04,0.01,,4,8,245,"15,170"
Stn. I (Central West Bay),May,2022,8.2,0.01,0.03,0.14,2,6.8,28,"15,618"
Stn II (East Bay),May,2022,8.2,0.02,0.03,0.12,2,7.3,47,"20,074"
Stn. IV (Central Bay),May,2022,8.4,0.01,0.01,0.16,2,7.8,52,"20,060"
Stn V (Northern West Bay),May,2022,8.3,0.01,0.01,0.16,2,7.2,24,"14,385"
Stn VIII (South Bay),May,2022,8.2,0.02,0.02,0.13,2,7.5,33,"23,396"
Stn XIII (Taytay),May,2022,8.4,0.01,0.02,0.18,3,7.4,32,"19,546"
Stn XV (San Pedro),May,2022,8.1,0.01,0.01,0.13,4,6.8,34,"18,430"
Stn.XVI (Sta Rosa),May,2022,8.1,0.01,0.07,0.13,3,6.6,29,"3,958"
Stn XVII (Sanctuary),May,2022,8.5,0.01,0.01,0.15,3,7.9,34,"32,685"
Stn XVIII (Pagsanjan),May,2022,8.5,0.01,0.01,,5,8.2,28,"58,805"
Stn XIX (Muntinlupa),May,2022,8.4,0.01,0.07,0.21,4,7.4,24,"15,264"
Stn XX (GEMS),May,2022,8.2,0.01,0.02,0.13,3,6.7,145,"25,972"
Stn XXI (Cardona),May,2022,8.5,0.01,0.02,0.16,4,8,33,"52,273"
Stn XXII (Jala-jala),May,2022,8.2,0.02,0.01,0.13,3,7.2,43,"20,596"
Stn XXIII (Lumban),May,2022,7.7,0.03,0.02,0.06,4,7.8,465,33
Stn. I (Central West Bay),June,2022,9,0.02,0.01,0.3,4,7,18,"127,298"
Stn II (East Bay),June,2022,9,0.02,0.01,0.1,4,6.4,47,"89,352"
Stn. IV (Central Bay),June,2022,9.1,0.01,0.01,0.25,4,8.6,39,"50,681"
Stn V (Northern West Bay),June,2022,9,0.03,0.01,0.4,5,9,24,"103,372"
Stn VIII (South Bay),June,2022,8.8,0.01,0.22,0.2,5,7.9,33,"26,363"
Stn XIII (Taytay),June,2022,9,0.02,0.01,0.44,5,8.5,19,"234,565"
Stn XV (San Pedro),June,2022,8.9,0.01,0.01,0.17,4,7.8,26,"50,241"
Stn.XVI (Sta Rosa),June,2022,8.9,0.01,0.01,0.2,4,7.2,29,"19,487"
Stn XVII (Sanctuary),June,2022,9.1,0.01,0.01,0.26,5,9.6,34,"51,386"
Stn XVIII (Pagsanjan),June,2022,9.2,0.02,0.01,,5,8.7,28,"24,665"
Stn XIX (Muntinlupa),June,2022,9,0.01,0.01,0.22,3,7.9,23,"172,075"
Stn XX (GEMS),June,2022,9,0.01,0.01,0.29,5,6,88,"24,532"
Stn XXI (Cardona),June,2022,9.4,0.02,0.01,0.24,6,9.3,24,"123,065"
Stn XXII (Jala-jala),June,2022,8.8,0.03,0.01,0.21,4,7.4,41,"26,992"
Stn XXIII (Lumban),June,2022,8.5,0.03,0.04,,5,8.4,285,"45,872"
Stn. I (Central West Bay),July,2022,9.4,0.09,0.005,0.28,5,8.8,19,"122,370"
Stn II (East Bay),July,2022,9.3,0.13,0.005,0.13,5,10.4,47,"71,826"
Stn. IV (Central Bay),July,2022,9.4,0.04,0.005,0.33,6,10.6,64,"119,153"
Stn V (Northern West Bay),July,2022,9.3,0.08,0.005,0.42,5,8,24,"94,197"
Stn VIII (South Bay),July,2022,9.2,0.5,0.005,0.28,5,7.6,33,"188,472"
Stn XIII (Taytay),July,2022,9.2,0.03,0.005,0.46,8,7.1,24,"70,131"
Stn XV (San Pedro),July,2022,8.9,0.08,0.005,0.2,4,9,34,"43,336"
Stn.XVI (Sta Rosa),July,2022,8.3,0.11,0.005,0.21,4,7.6,88,"30,196"
Stn XVII (Sanctuary),July,2022,9.4,0.02,0.005,0.28,6,9.5,34,"82,653"
Stn XVIII (Pagsanjan),July,2022,9.2,0.02,0.005,0.02,5,10.6,29,"30,366"
Stn XIX (Muntinlupa),July,2022,8.8,0.02,0.005,0.29,4,8.5,18,"103,358"
Stn XX (GEMS),July,2022,9.1,0.06,0.005,0.39,5,7.1,125,"142,268"
Stn XXI (Cardona),July,2022,9.4,0.06,0.005,0.32,4,10.2,24,"28,740"
Stn XXII (Jala-jala),July,2022,9.3,0.02,0.005,0.29,5,9.4,41,"109,394"
Stn XXIII (Lumban),July,2022,8.5,0.04,0.005,0.03,4,10.2,56,"13,239"
Stn. I (Central West Bay),August,2022,7.9,0.16,0.05,0.73,4,5.6,44,"119,172"
Stn II (East Bay),August,2022,8,0.02,0.05,0.28,3,6.4,25,"974,561"
Stn. IV (Central Bay),August,2022,8.9,0.06,0.05,0.28,8,11,30,"811,156"
Stn V (Northern West Bay),August,2022,8.5,0.23,0.05,0.26,4,8.3,102,"136,895"
Stn VIII (South Bay),August,2022,8.8,0.02,0.1,0.22,3,8.1,29,"36,683"
Stn XIII (Taytay),August,2022,8.6,0.27,0.1,0.24,5,9.1,64,"140,191"
Stn XV (San Pedro),August,2022,8.2,0.38,0.1,0.28,3,5.4,147,"10,153"
Stn.XVI (Sta Rosa),August,2022,8.5,0.02,0.05,0.22,3,7.8,143,"41,201"
Stn XVII (Sanctuary),August,2022,8.7,0.02,0.05,0.24,3,8.2,19,"50,326"
Stn XVIII (Pagsanjan),August,2022,8.9,0.03,0.1,0.02,6,8.6,19,"59,437"
Stn XIX (Muntinlupa),August,2022,8.2,0.11,0.12,0.22,3,6.2,18,"14,725"
Stn XX (GEMS),August,2022,8.3,0.04,0.05,0.28,3,6.2,277,"38,503"
Stn XXI (Cardona),August,2022,8.6,0.03,0.05,0.31,4,9.1,24,"102,637"
Stn XXII (Jala-jala),August,2022,8.7,0.04,0.05,0.14,4,7.8,19,"107,716"
Stn XXIII (Lumban),August,2022,8.6,0.02,0.1,0.02,3,9,29,"207,001"
Stn. I (Central West Bay),September,2022,7.9,0.07,0.61,0.14,3,7.1,44,"8,613"
Stn II (East Bay),September,2022,8,0.07,0.1,0.05,2,8.2,39,"37,713"
Stn. IV (Central Bay),September,2022,7.8,0.01,0.37,0.15,2,6.9,40,"22,343"
Stn V (Northern West Bay),September,2022,8.6,0.03,0.12,0.18,2,10.1,166,"11,051"
Stn VIII (South Bay),September,2022,6.8,0.04,0.01,0.15,5,9.1,88,"101,799"
Stn XIII (Taytay),September,2022,8.1,0.29,0.05,0.2,4,6.9,125,"7,529"
Stn XV (San Pedro),September,2022,7.9,0.1,0.12,0.23,3,7.6,947,"6,804"
Stn.XVI (Sta Rosa),September,2022,8,0.03,0.05,0.15,3,7.7,595,"5,073"
Stn XVII (Sanctuary),September,2022,8.7,0.04,0.05,0.05,4,9.2,48,"12,802"
Stn XVIII (Pagsanjan),September,2022,8.3,0.06,0.05,0.12,3,9.4,37,"44,646"
Stn XIX (Muntinlupa),September,2022,8.5,0.07,0.05,0.18,3,7.8,18,"19,010"
Stn XX (GEMS),September,2022,7.7,0.02,0.61,0.15,2,5.9,882,"1,535"
Stn XXI (Cardona),September,2022,7.7,0.005,0.28,0.16,4,7,64,"152,925"
Stn XXII (Jala-jala),September,2022,8.8,0.03,0.05,0.14,3,8.9,24,"30,166"
Stn XXIII (Lumban),September,2022,8,0.06,0.017,0.13,3,8.6,87,"24,118"
Stn. I (Central West Bay),October,2022,7.5,0.03,1,0.13,2,5.8,282,535
Stn II (East Bay),October,2022,7.6,0.02,0.2,0.09,2,6.8,228,"17,324"
Stn. IV (Central Bay),October,2022,7.7,0.005,0.58,0.15,2,6.3,86,126
Stn V (Northern West Bay),October,2022,7.7,0.005,0.47,0.15,2,6.4,236,"15,210"
Stn VIII (South Bay),October,2022,8.1,0.005,0.11,0.09,2,7.4,91,"33,915"
Stn XIII (Taytay),October,2022,7.8,0.005,0.53,0.15,2,6.4,95,"14,392"
Stn XV (San Pedro),October,2022,7.9,0.07,0.21,0.14,2,6.2,1138,"34,242"
Stn.XVI (Sta Rosa),October,2022,7.7,0.005,0.05,0.1,3,6.8,322,"25,317"
Stn XVII (Sanctuary),October,2022,7.8,0.005,0.36,0.13,2,6.6,93,980
Stn XVIII (Pagsanjan),October,2022,7.4,0.005,0.05,0.03,2,7.9,70,"42,431"
Stn XIX (Muntinlupa),October,2022,7.8,0.02,0.05,0.11,3,6.4,24,"31,010"
Stn XX (GEMS),October,2022,7.7,0.03,0.2,0.11,2,5.9,1900,"16,909"
Stn XXI (Cardona),October,2022,7.7,0.02,0.49,0.08,2,6.2,227,"1,522"
Stn XXII (Jala-jala),October,2022,7.6,0.005,0.31,0.09,3,6.4,101,"7,747"
Stn XXIII (Lumban),October,2022,7.6,0.005,0.05,0.04,2,8.1,131,"150,770"
Stn. I (Central West Bay),November,2022,7.5,0.04,0.48,0.08,3,6.5,220,"1,931"
Stn II (East Bay),November,2022,7.3,0.18,0.47,0.09,2,6.9,359,"2,772"
Stn. IV (Central Bay),November,2022,,,,,,,,
Stn V (Northern West Bay),November,2022,8,0.01,0.39,0.1,2,8.1,150,"5,107"
Stn VIII (South Bay),November,2022,7.7,0.005,0.64,0.11,1,7.8,255,"2,217"
Stn XIII (Taytay),November,2022,8,0.005,0.67,0.08,2,7.3,84,"11,523"
Stn XV (San Pedro),November,2022,7.4,0.005,0.76,0.02,3,5.7,1138,"3,253"
Stn.XVI (Sta Rosa),November,2022,7.6,0.02,0.64,0.13,2,7.2,258,"2,699"
Stn XVII (Sanctuary),November,2022,8,0.04,0.41,0.1,2,8.1,93,"2,420"
Stn XVIII (Pagsanjan),November,2022,7,0.01,0.38,0.08,3,7.2,123,"2,527"
Stn XIX (Muntinlupa),November,2022,7.5,0.01,1.08,0.15,3,6.4,40,"2,888"
Stn XX (GEMS),November,2022,7.6,0.01,0.54,0.1,2,6.3,981,"1,741"
Stn XXI (Cardona),November,2022,7.7,0.02,0.39,0.11,2,7.2,273,"2,426"
Stn XXII (Jala-jala),November,2022,7.6,0.05,0.46,0.1,3,7,159,"3,604"
Stn XXIII (Lumban),November,2022,6.9,0.03,0.37,0.07,3,7.1,312,"4,206"
Stn. I (Central West Bay),December,2022,7.1,0.005,0.76,0.15,2,6.9,220,576
Stn II (East Bay),December,2022,7.6,0.02,0.44,0.14,2,7,329,"3,810"
Stn. IV (Central Bay),December,2022,7.8,0.005,0.48,0.13,2,7.3,320,"1,873"
Stn V (Northern West Bay),December,2022,7.3,0.05,0.57,0.16,1,7.2,95,"1,271"
Stn VIII (South Bay),December,2022,7.1,0.005,0.45,0.14,2,7.1,255,"2,946"
Stn XIII (Taytay),December,2022,8,0.005,0.54,0.14,3,7.8,44,"2,199"
Stn XV (San Pedro),December,2022,7.8,0.005,0.58,0.15,1,7.1,170,"3,646"
Stn.XVI (Sta Rosa),December,2022,7.6,0.02,0.54,0.14,2,6.6,62,"2,933"
Stn XVII (Sanctuary),December,2022,7.8,0.005,1.18,0.13,2,7.2,36,"2,999"
Stn XVIII (Pagsanjan),December,2022,7.4,0.23,0.14,0.06,3,7.8,147,"2,271"
Stn XIX (Muntinlupa),December,2022,7.7,0.02,0.59,0.14,1,6.7,40,"2,823"
Stn XX (GEMS),December,2022,7.3,0.005,0.47,0.12,1,6.9,1580,"2,580"
Stn XXI (Cardona),December,2022,7.9,0.13,0.48,0.13,1,7.1,252,"3,047"
Stn XXII (Jala-jala),December,2022,7.4,0.09,0.55,0.13,2,7.3,236,"4,303"
Stn XXIII (Lumban),December,2022,7,0.05,0.14,0.04,2,7.5,274,"9,572"
Stn. I (Central West Bay),January,2023,7.7,0.029,0.654,0.171,2,7.8,33,
Stn II (East Bay),January,2023,7.8,0.005,0.636,0.155,2,7.8,133,
Stn. IV (Central Bay),January,2023,7.8,0.005,0.808,0.188,2,8.1,76,
Stn V (Northern West Bay),January,2023,7.8,0.022,0.774,0.176,3,7.9,90,
Stn VIII (South Bay),January,2023,7.8,0.016,0.576,0.149,2,8.1,402,
Stn XIII (Taytay),January,2023,7.8,0.025,0.718,0.191,3,8.1,97,
Stn XV (San Pedro),January,2023,7.8,0.025,0.678,0.178,1,8.1,434,
Stn.XVI (Sta Rosa),January,2023,7.7,0.005,0.729,0.175,2,7.8,220,
Stn XVII (Sanctuary),January,2023,7.8,0.013,0.695,0.156,2,7.9,49,
Stn XVIII (Pagsanjan),January,2023,7.2,0.015,0.05,0.052,2,8,200,
Stn XIX (Muntinlupa),January,2023,7.8,0.005,0.597,0.185,2,7.6,150,
Stn XX (GEMS),January,2023,7.7,0.036,0.999,0.179,2,7.5,1939,
Stn XXI (Cardona),January,2023,7.9,0.028,0.729,0.403,1,8,131,
Stn XXII (Jala-jala),January,2023,7.8,0.036,0.557,0.142,2,7.9,200,
Stn XXIII (Lumban),January,2023,6.9,0.028,0.05,0.223,2,7.8,784,
Stn. I (Central West Bay),Febuary,2023,7.8,0.06,0.81,0.19,2,7.7,19,
Stn II (East Bay),Febuary,2023,7.7,0.08,0.65,0.16,2,7.9,172,
Stn. IV (Central Bay),Febuary,2023,7.8,0.4,0.81,0.19,1,7.7,49,
Stn V (Northern West Bay),Febuary,2023,7.9,0.03,0.69,0.21,2,7.5,35,
Stn VIII (South Bay),Febuary,2023,7.9,0.03,0.69,0.21,1,7.8,91,
Stn XIII (Taytay),Febuary,2023,7.9,0.02,0.69,0.21,1,7.3,41,
Stn XV (San Pedro),Febuary,2023,7.9,0.03,0.75,0.21,2,7.5,175,
Stn.XVI (Sta Rosa),Febuary,2023,7.9,0.04,0.75,0.23,1,7.8,108,
Stn XVII (Sanctuary),Febuary,2023,7.9,0.03,0.74,0.21,2,7.8,242,
Stn XVIII (Pagsanjan),Febuary,2023,7.8,0.03,0.05,0.11,2,7.8,113,
Stn XIX (Muntinlupa),Febuary,2023,7.9,0.02,0.69,0.21,2,7.7,150,
Stn XX (GEMS),Febuary,2023,7.9,0.03,0.72,0.21,1,7.8,1554,
Stn XXI (Cardona),Febuary,2023,7.9,0.03,0.75,0.2,2,7.8,211,
Stn XXII (Jala-jala),Febuary,2023,8,0.07,1.06,0.21,2,7.7,167,
Stn XXIII (Lumban),Febuary,2023,7.3,0.07,0.05,0.1,2,7.2,956,
Stn. I (Central West Bay),March,2023,8,0.03,0.72,0.26,1,7.8,30,
Stn II (East Bay),March,2023,8,0.005,0.67,0.21,1,7.9,268,
Stn. IV (Central Bay),March,2023,8,0.005,0.69,0.25,2,7.8,44,
Stn V (Northern West Bay),March,2023,8.3,0.005,0.66,0.25,3,8.6,72,
Stn VIII (South Bay),March,2023,8,0.005,0.69,0.26,1,7.6,56,
Stn XIII (Taytay),March,2023,7.9,0.02,0.97,0.31,2,7.4,146,
Stn XV (San Pedro),March,2023,8,0.005,0.69,0.25,1,7.6,182,
Stn.XVI (Sta Rosa),March,2023,8,0.02,0.64,0.24,2,7.8,147,
Stn XVII (Sanctuary),March,2023,8,0.04,0.7,0.25,0.5,7.8,251,
Stn XVIII (Pagsanjan),March,2023,7.9,0.005,0.05,0.19,1,7.7,67,
Stn XIX (Muntinlupa),March,2023,8,0.005,0.65,0.25,1,8.2,244,
Stn XX (GEMS),March,2023,8,0.02,0.52,0.26,1,7.6,513,
Stn XXI (Cardona),March,2023,8,0.08,0.7,0.25,1,7.8,141,
Stn XXII (Jala-jala),March,2023,8,0.005,0.56,0.23,2,7.7,167,
Stn XXIII (Lumban),March,2023,7.6,0.005,0.05,0.13,3,7.6,1090,
Stn. I (Central West Bay),April,2023,7.9,0.005,1,0.28,2,7.2,41,
Stn II (East Bay),April,2023,8,0.005,1,0.22,2,7.6,187,
Stn. IV (Central Bay),April,2023,7.9,0.005,1,0.27,1,7.2,97,
Stn V (Northern West Bay),April,2023,8.6,0.005,0.35,0.26,4,8.1,64,
Stn VIII (South Bay),April,2023,8.2,0.005,1,0.24,2,7.6,35,
Stn XIII (Taytay),April,2023,8.2,0.005,1,0.38,3,7.4,104,
Stn XV (San Pedro),April,2023,8,0.005,1,0.26,2,7.2,59,
Stn.XVI (Sta Rosa),April,2023,8,0.005,1,0.24,1,7.6,34,
Stn XVII (Sanctuary),April,2023,8,0.005,1,0.28,2,7.6,99,
Stn XVIII (Pagsanjan),April,2023,8.3,0.005,0.05,0.1,3,8.4,26,
Stn XIX (Muntinlupa),April,2023,8,0.005,1,0.27,2,7.2,50,
Stn XX (GEMS),April,2023,8.1,0.005,1,0.25,2,7.3,235,
Stn XXI (Cardona),April,2023,8,0.005,1,0.26,2,7.4,80,
Stn XXII (Jala-jala),April,2023,8.1,0.005,1,0.2,2,7.6,49,
Stn XXIII (Lumban),April,2023,8,0.005,0.05,0.08,3,7.7,169,
Stn. I (Central West Bay),May,2023,8.5,0.19,0.23,0.27,2,7.2,40,
Stn II (East Bay),May,2023,8.1,1.04,0.66,0.24,1,7.8,88,
Stn. IV (Central Bay),May,2023,8.4,0.01,0.26,0.26,2,7.4,94,
Stn V (Northern West Bay),May,2023,8.7,0.03,0.16,0.29,5,8.2,62,
Stn VIII (South Bay),May,2023,8.6,0.005,0.27,0.25,2,9.1,34,
Stn XIII (Taytay),May,2023,8.5,0.06,0.26,0.27,4,7.7,189,
Stn XV (San Pedro),May,2023,8.6,0.005,0.21,0.24,2,7.2,25,
Stn.XVI (Sta Rosa),May,2023,8.7,0.005,0.2,0.23,2,8.3,34,
Stn XVII (Sanctuary),May,2023,8.3,0.01,0.31,0.26,1,7.8,19,
Stn XVIII (Pagsanjan),May,2023,8.2,0.005,0.05,0.11,2,7.8,25,
Stn XIX (Muntinlupa),May,2023,8.4,0.04,0.31,0.3,3,6.8,30,
Stn XX (GEMS),May,2023,8.6,0.01,0.05,0.23,1,6.9,462,
Stn XXI (Cardona),May,2023,8.2,0.005,0.41,0.28,2,7.6,31,
Stn XXII (Jala-jala),May,2023,8.5,0.005,0.29,0.26,2,8.2,36,
Stn XXIII (Lumban),May,2023,7.5,0.005,0.05,0.08,2,7,76,
Stn. I (Central West Bay),June,2023,8.1,0.02,0.29,0.28,2,7.2,24,
Stn II (East Bay),June,2023,8.2,0.19,0.05,0.19,1,7.1,29,
Stn. IV (Central Bay),June,2023,8.6,0.005,0.05,0.22,2,8.2,56,
Stn V (Northern West Bay),June,2023,8.8,0.005,0.05,0.21,5,8.1,30,
Stn VIII (South Bay),June,2023,8.2,0.05,0.05,0.2,2,7.1,44,
Stn XIII (Taytay),June,2023,8.8,0.005,0.05,0.19,4,8.6,93,
Stn XV (San Pedro),June,2023,8.6,0.05,0.05,0.2,2,7,86,
Stn.XVI (Sta Rosa),June,2023,8.2,0.02,0.05,0.2,2,7.3,59,
Stn XVII (Sanctuary),June,2023,8.8,0.005,0.05,0.19,1,8,19,
Stn XVIII (Pagsanjan),June,2023,8.3,0.005,0.05,0.09,2,8.2,55,
Stn XIX (Muntinlupa),June,2023,8.4,0.005,0.05,0.2,3,7.6,49,
Stn XX (GEMS),June,2023,7.8,0.005,0.24,0.26,1,8.2,895,
Stn XXI (Cardona),June,2023,8.7,0.005,0.05,0.21,2,7.8,20,
Stn XXII (Jala-jala),June,2023,8.3,0.07,0.05,0.2,2,7.4,25,
Stn XXIII (Lumban),June,2023,7.7,0.02,0.05,0.11,2,7.2,34,
Stn. I (Central West Bay),July,2023,8.2,0.02,0.1,,2,6.7,41,
Stn II (East Bay),July,2023,8.5,0.01,0.1,,2,7.4,19,
Stn. IV (Central Bay),July,2023,8.5,0.01,0.1,,1,6.8,43,
Stn V (Northern West Bay),July,2023,8.6,0.01,0.1,,1,6.7,19,
Stn VIII (South Bay),July,2023,8.5,0.03,0.1,,3,6.9,42,
Stn XIII (Taytay),July,2023,8.8,0.01,0.1,,2,7.2,57,
Stn XV (San Pedro),July,2023,8.5,0.01,0.1,,2,8.7,148,
Stn.XVI (Sta Rosa),July,2023,8.4,0.02,0.1,,2,7.1,64,
Stn XVII (Sanctuary),July,2023,8.7,0.01,0.1,,2,7.5,63,
Stn XVIII (Pagsanjan),July,2023,8.3,0.01,0.1,,2,7.4,53,
Stn XIX (Muntinlupa),July,2023,8.4,0.05,0.1,,2,6.5,64,
Stn XX (GEMS),July,2023,8.1,0.01,0.1,,2,6.2,1010,
Stn XXI (Cardona),July,2023,8.6,0.01,0.1,,3,7.5,49,
Stn XXII (Jala-jala),July,2023,8.6,0.02,0.1,,2,7.5,24,
Stn XXIII (Lumban),July,2023,7.7,0.04,0.1,,2,6.6,64,
Stn. I (Central West Bay),August,2023,8.1,0.4,0.21,0.18,2,6.4,146,
Stn II (East Bay),August,2023,8,0.07,0.22,0.13,2,7.4,19,
Stn. IV (Central Bay),August,2023,8.2,0.01,0.6,0.17,2,6.8,44,
Stn V (Northern West Bay),August,2023,8.3,0.02,0.46,0.14,2,7.6,26,
Stn VIII (South Bay),August,2023,8.3,0.01,0.11,0.15,2,7.6,42,
Stn XIII (Taytay),August,2023,8.4,0.01,0.29,0.15,3,7.4,32,
Stn XV (San Pedro),August,2023,8.5,0.01,0.26,0.16,2,7.9,287,
Stn.XVI (Sta Rosa),August,2023,8.5,0.01,0.13,0.14,2,7.8,42,
Stn XVII (Sanctuary),August,2023,8.4,0.01,0.11,0.1,2,7.6,63,
Stn XVIII (Pagsanjan),August,2023,8.1,0.02,0.28,0.11,2,7.5,53,
Stn XIX (Muntinlupa),August,2023,8,0.01,1.3,0.14,3,7.2,64,
Stn XX (GEMS),August,2023,8,0.01,1.06,0.13,2,5.8,855,
Stn XXI (Cardona),August,2023,8.3,0.01,0.1,0.14,2,7.4,77,
Stn XXII (Jala-jala),August,2023,8.5,0.01,0.11,0.14,2,7.5,57,
Stn XXIII (Lumban),August,2023,8.1,0.01,0.1,0.14,2,7.3,47,
Stn. I (Central West Bay),September,2023,8.5,0.08,0.5,0.1,3,7.6,146,
Stn II (East Bay),September,2023,8,0.01,0.1,0.12,5,6.5,19,
Stn. IV (Central Bay),September,2023,8.5,0.01,0.2,0.14,3,7.6,43,
Stn V (Northern West Bay),September,2023,8.5,0.01,0.1,0.13,3,7.2,39,
Stn VIII (South Bay),September,2023,8.4,0.01,0.1,0.12,2,7.5,18,
Stn XIII (Taytay),September,2023,8.3,0.01,0.1,0.14,2,6.8,19,
Stn XV (San Pedro),September,2023,8.4,0.03,0.2,0.16,4,6.3,84,
Stn.XVI (Sta Rosa),September,2023,8.1,0.01,0.1,0.15,2,6.5,47,
Stn XVII (Sanctuary),September,2023,8.4,0.01,0.1,0.14,1,7.3,63,
Stn XVIII (Pagsanjan),September,2023,8.4,0.01,0.1,0.13,2,7.4,18,
Stn XIX (Muntinlupa),September,2023,8.6,0.01,0.2,0.14,1,7.2,24,
Stn XX (GEMS),September,2023,8.5,0.02,0.4,0.13,2,7,354,
Stn XXI (Cardona),September,2023,8.7,0.01,0.2,0.13,2,8.1,126,
Stn XXII (Jala-jala),September,2023,8.4,0.01,0.1,0.13,2,7.8,42,
Stn XXIII (Lumban),September,2023,8.1,0.01,0.1,0.11,2,7.2,47,
Stn. I (Central West Bay),October,2023,8.7,0.02,0.3,0.6,2,7,237,
Stn II (East Bay),October,2023,8.5,0.01,0.1,0.4,2,7,49,
Stn. IV (Central Bay),October,2023,8.6,0.01,0.1,0.5,1,7,70,
Stn V (Northern West Bay),October,2023,8.6,0.03,0.1,0.4,2,7,89,
Stn VIII (South Bay),October,2023,8.2,0.03,0.2,0.4,2,7,42,
Stn XIII (Taytay),October,2023,8.5,0.04,0.2,0.5,2,7,25,
Stn XV (San Pedro),October,2023,7.8,0.51,0.4,0.5,2,6,135,
Stn.XVI (Sta Rosa),October,2023,8.1,0.04,0.2,0.3,2,6,62,
Stn XVII (Sanctuary),October,2023,8.6,0.01,0.1,0.4,2,7,27,
Stn XVIII (Pagsanjan),October,2023,8.4,0.01,0.1,0.2,2,7,18,
Stn XIX (Muntinlupa),October,2023,8.4,0.04,0.1,0.4,2,7,18,
Stn XX (GEMS),October,2023,8.8,0.02,0.02,0.5,2,6,354,
Stn XXI (Cardona),October,2023,8.6,0.01,0.1,0.5,2,7,169,
Stn XXII (Jala-jala),October,2023,8.6,0.01,0.1,0.4,2,7,81,
Stn XXIII (Lumban),October,2023,7.9,0.01,0.1,0.3,2,7,57,
Stn. I (Central West Bay),November,2023,8.4,0.09,0.1,0.37,2,7,67,
Stn II (East Bay),November,2023,8.1,0.1,0.4,0.33,2,7,47,
Stn. IV (Central Bay),November,2023,8.1,0.05,0.1,0.41,2,7,157,
Stn V (Northern West Bay),November,2023,8.4,0.05,0.1,0.38,2,7,66,
Stn VIII (South Bay),November,2023,8.3,0.04,0.1,0.35,1,8,42,
Stn XIII (Taytay),November,2023,8.5,0.05,0.1,0.39,2,7,57,
Stn XV (San Pedro),November,2023,8.2,0.05,0.1,0.35,1,7,163,
Stn.XVI (Sta Rosa),November,2023,8.2,0.02,0.1,0.36,2,7,145,
Stn XVII (Sanctuary),November,2023,8.3,0.02,0.4,0.4,2,7,63,
Stn XVIII (Pagsanjan),November,2023,8.1,0.01,0.1,0.16,1,7,75,
Stn XIX (Muntinlupa),November,2023,8.2,0.04,0.3,0.35,2,7,38,
Stn XX (GEMS),November,2023,8.2,0.03,0.1,0.32,2,7,265,
Stn XXI (Cardona),November,2023,8.3,0.02,0.1,0.36,2,7,107,
Stn XXII (Jala-jala),November,2023,8.3,0.02,0.1,0.34,1,7,35,
Stn XXIII (Lumban),November,2023,7.4,0.1,0.2,0.22,2,7,201,
Stn. I (Central West Bay),December,2023,8.1,,0.1,0.09,1,8,67,
Stn II (East Bay),December,2023,8.1,,0.1,0.08,2,8,111,
Stn. IV (Central Bay),December,2023,8.2,,0.1,0.1,1,8,256,
Stn V (Northern West Bay),December,2023,8.4,,0.1,0.09,2,8,98,
Stn VIII (South Bay),December,2023,8.3,,0.1,0.09,1,8,127,
Stn XIII (Taytay),December,2023,8.6,,0.1,0.1,2,8,128,
Stn XV (San Pedro),December,2023,8.4,,0.1,0.09,2,8,368,
Stn.XVI (Sta Rosa),December,2023,8.1,,0.1,0.1,2,8,318,
Stn XVII (Sanctuary),December,2023,8.4,,0.1,0.09,2,8,63,
Stn XVIII (Pagsanjan),December,2023,7.7,,0.1,0.06,2,8,102,
Stn XIX (Muntinlupa),December,2023,8.6,,0.1,0.09,2,8,100,
Stn XX (GEMS),December,2023,8.2,,0.1,0.09,2,7,330,
Stn XXI (Cardona),December,2023,8.3,,0.1,0.1,2,8,154,
Stn XXII (Jala-jala),December,2023,8.3,,0.1,0.08,2,8,92,
Stn XXIII (Lumban),December,2023,7.2,,0.2,0.05,1,8,618,
